NOMBRE,POS,GP,MIN,PTS,FGM,FGA,FG%,3PM,3PA,3P%,FTM,FTA,FT%,REB,AST,STL,BLK,TO,DD2,TD3,PER
Stephen CurryLEB/GS,BA,63,34.2,32.0,10.4,21.7,48.2,5.3,12.7,42.1,5.7,6.3,91.6,5.5,5.8,1.2,0.1,3.4,8,0,26.37
Bradley BealDUR/WSH,E,60,35.8,31.3,11.2,23.0,48.5,2.2,6.2,34.9,6.8,7.7,88.9,4.7,4.4,1.2,0.4,3.1,4,0,22.81
Damian LillardPOR/LEB,BA,67,35.8,28.8,9.0,19.9,45.1,4.1,10.5,39.1,6.7,7.2,92.8,4.2,7.5,0.9,0.3,3.0,16,0,25.65
Joel EmbiidPHI,C,51,31.1,28.5,9.0,17.6,51.3,1.1,3.0,37.7,9.2,10.7,85.9,10.6,2.8,1.0,1.4,3.1,31,0,30.32
Giannis AntetokounmpoMIL/LEB,AP,61,33.0,28.1,10.3,18.0,56.9,1.1,3.6,30.3,6.5,9.5,68.5,11.0,5.9,1.2,1.2,3.4,41,7,29.24
Luka DoncicDAL/LEB,BA,66,34.3,27.7,9.8,20.5,47.9,2.9,8.3,35.0,5.2,7.1,73.0,8.0,8.6,1.0,0.5,4.3,26,11,25.33
Zach LaVineCHI/DUR,E,58,35.1,27.4,9.8,19.4,50.7,3.4,8.2,41.9,4.4,5.1,84.9,5.0,4.9,0.8,0.5,3.5,3,0,21.62
Zion WilliamsonNO/DUR,AP,61,33.2,27.0,10.4,17.0,61.1,0.2,0.6,29.4,6.0,8.7,69.8,7.2,3.7,0.9,0.6,2.7,14,0,27.17
Kevin DurantBKN,AP,35,33.1,26.9,9.3,17.2,53.7,2.4,5.4,45.0,6.0,6.8,88.2,7.1,5.6,0.7,1.3,3.4,12,0,26.44
Kyrie IrvingDUR/BKN,BA,54,34.9,26.9,10.2,20.1,50.6,2.8,7.0,40.2,3.7,4.0,92.2,4.8,6.0,1.4,0.7,2.4,8,0,24.51
Jayson TatumBOS/DUR,SF,64,35.8,26.4,9.5,20.6,45.9,2.9,7.6,38.6,4.6,5.3,86.8,7.4,4.3,1.2,0.5,2.7,15,1,21.32
Donovan MitchellUTAH/DUR,E,53,33.4,26.4,9.0,20.6,43.8,3.4,8.7,38.6,5.0,6.0,84.5,4.4,5.2,1.0,0.3,2.8,2,0,21.39
Nikola JokicDEN/LEB,C,72,34.6,26.4,10.2,18.0,56.6,1.3,3.3,38.8,4.8,5.5,86.8,10.8,8.3,1.3,0.7,3.1,60,16,31.36
Devin BookerPHX,E,67,33.9,25.6,9.3,19.2,48.4,1.9,5.5,34.0,5.1,5.9,86.7,4.2,4.3,0.8,0.2,3.1,1,0,19.33
Trae YoungATL,BA,63,33.7,25.3,7.7,17.7,43.8,2.2,6.3,34.3,7.7,8.7,88.6,3.9,9.4,0.8,0.2,4.1,28,0,23.05
De'Aaron FoxSAC,BA,58,35.1,25.2,9.1,19.1,47.7,1.8,5.5,32.2,5.2,7.2,71.9,3.5,7.2,1.5,0.5,3.0,11,0,20.74
LeBron JamesLAL/LEB,SF,45,33.4,25.0,9.4,18.3,51.3,2.3,6.3,36.5,4.0,5.7,69.8,7.7,7.8,1.1,0.6,3.7,18,5,24.32
Kawhi LeonardLAC/DUR,SF,52,34.1,24.8,8.9,17.5,51.2,1.9,4.9,39.8,5.0,5.7,88.5,6.5,5.2,1.6,0.4,2.0,9,0,26.09
Karl-Anthony TownsMIN,C,50,33.8,24.8,8.5,17.5,48.6,2.4,6.3,38.7,5.3,6.2,85.9,10.6,4.5,0.8,1.1,3.2,33,0,23.13
Jaylen BrownBOS/LEB,E,58,34.5,24.7,9.3,19.2,48.4,2.8,7.1,39.7,3.3,4.3,76.4,6.0,3.4,1.2,0.6,2.7,10,0,19.95
James HardenDUR/BKN/HOU,E,44,36.6,24.6,7.8,16.7,46.6,2.8,7.6,36.2,6.3,7.3,86.1,7.9,10.8,1.2,0.8,4.0,32,12,24.58
Collin SextonCLE,BA,60,35.3,24.3,8.8,18.4,47.5,1.6,4.4,37.1,5.2,6.4,81.5,3.1,4.4,1.0,0.2,2.8,1,0,18.06
Julius RandleDUR/NY,AP,71,37.6,24.1,8.5,18.6,45.6,2.3,5.5,41.1,4.9,6.0,81.1,10.2,6.0,0.9,0.3,3.4,41,6,19.73
Brandon IngramNO,SF,61,34.3,23.8,8.4,18.0,46.6,2.3,6.1,38.1,4.6,5.2,87.8,4.9,4.9,0.7,0.6,2.5,4,0,19.24
Shai Gilgeous-AlexanderOKC,E,35,33.7,23.7,8.2,16.1,50.8,2.0,4.9,41.8,5.3,6.5,80.8,4.7,5.9,0.8,0.7,3.0,3,0,21.67
Nikola VucevicDUR/CHI/ORL,C,70,33.5,23.4,9.5,19.9,47.7,2.5,6.3,40.0,1.9,2.2,84.0,11.7,3.8,0.9,0.7,1.8,48,2,22.95
Paul GeorgeLAC/LEB,E,54,33.7,23.3,8.2,17.6,46.7,3.2,7.7,41.1,3.7,4.2,86.8,6.6,5.2,1.1,0.4,3.3,9,0,20.6
CJ McCollumPOR,E,47,34.0,23.1,8.6,18.8,45.8,3.6,8.9,40.2,2.3,2.8,81.2,3.9,4.7,0.9,0.4,1.4,2,0,20.81
Jerami GrantDET,SF,54,33.9,22.3,7.4,17.3,42.9,2.1,6.1,35.0,5.4,6.4,84.5,4.6,2.8,0.6,1.1,2.0,3,0,16.98
Russell WestbrookWSH,BA,65,36.4,22.2,8.4,19.0,43.9,1.3,4.2,31.5,4.2,6.4,65.6,11.5,11.7,1.4,0.4,4.8,59,38,19.52
Anthony DavisLAL,AP,36,32.3,21.8,8.4,17.0,49.1,0.7,2.8,26.0,4.4,5.9,73.8,7.9,3.1,1.3,1.6,2.1,12,0,22.16
DeMar DeRozanSA,SF,61,33.7,21.6,7.5,15.1,49.5,0.3,1.2,25.7,6.3,7.2,88.0,4.2,6.9,0.9,0.2,2.0,13,0,22.04
Jimmy ButlerMIA,SF,52,33.6,21.5,7.0,14.2,49.7,0.5,2.0,24.5,6.9,8.0,86.3,6.9,7.1,2.1,0.3,2.1,17,4,26.57
Pascal SiakamTOR,AP,56,35.8,21.4,7.8,17.2,45.5,1.3,4.4,29.7,4.4,5.4,82.7,7.2,4.5,1.1,0.7,2.3,13,1,17.77
Jamal MurrayDEN,BA,48,35.5,21.2,7.9,16.5,47.7,2.7,6.6,40.8,2.8,3.2,86.9,4.0,4.8,1.3,0.3,2.3,1,0,18.33
Malcolm BrogdonIND,BA,56,34.5,21.2,7.9,17.5,45.3,2.6,6.7,38.8,2.7,3.2,86.4,5.3,5.9,0.9,0.3,2.1,6,0,17.97
Christian WoodHOU,C,41,32.3,21.0,8.0,15.6,51.4,1.9,5.0,37.4,3.0,4.8,63.1,9.6,1.7,0.8,1.2,2.0,19,0,20.06
John WallHOU,BA,40,32.2,20.6,7.3,18.2,40.4,2.0,6.2,31.7,4.0,5.3,74.9,3.2,6.9,1.1,0.8,3.5,7,1,15.46
Terry RozierCHA,E,69,34.5,20.4,7.4,16.4,45.0,3.2,8.3,38.9,2.4,2.9,81.7,4.4,4.2,1.3,0.4,1.9,5,0,17.15
Khris MiddletonMIL,SF,68,33.4,20.4,7.5,15.8,47.6,2.2,5.4,41.4,3.1,3.5,89.8,6.0,5.4,1.1,0.1,2.6,10,0,18.3
Domantas SabonisIND/LEB,AP,62,36.0,20.3,7.8,14.6,53.5,0.8,2.6,32.1,3.9,5.3,73.2,12.0,6.7,1.2,0.5,3.4,48,9,20.64
Caris LeVertIND/BKN/HOU,E,47,31.6,20.2,7.6,17.3,44.1,1.8,5.5,32.6,3.1,3.8,81.1,4.6,5.2,1.4,0.6,2.2,6,0,17.85
Kristaps PorzingisDAL,C,43,30.9,20.1,7.6,15.9,47.6,2.3,6.0,37.6,2.7,3.2,85.5,8.9,1.6,0.5,1.3,1.2,16,0,21.33
Victor OladipoIND/MIA/HOU,E,33,32.7,19.8,7.1,17.5,40.8,2.4,7.2,32.6,3.2,4.2,75.4,4.8,4.6,1.4,0.4,2.5,0,0,14.4
Gordon HaywardCHA,SF,44,34.0,19.6,7.1,15.0,47.3,1.9,4.7,41.5,3.5,4.2,84.3,5.9,4.1,1.2,0.3,2.1,2,0,17.65
Fred VanVleetTOR,E,52,36.5,19.6,6.5,16.7,38.9,3.3,9.2,36.6,3.3,3.7,88.5,4.2,6.3,1.7,0.7,1.8,5,0,16.88
Malik BeasleyMIN,E,37,32.8,19.6,7.1,16.2,44.0,3.5,8.7,39.9,1.8,2.2,85.0,4.4,2.4,0.8,0.2,1.6,0,0,14.69
Tobias HarrisPHI,AP,62,32.5,19.5,7.6,14.9,51.2,1.3,3.4,39.4,2.9,3.3,89.2,6.8,3.5,0.9,0.8,1.7,11,0,20.02
Anthony EdwardsMIN,SF,72,32.1,19.3,7.0,16.8,41.7,2.4,7.2,32.9,2.9,3.8,77.6,4.7,2.9,1.1,0.5,2.2,3,0,13.95
Kemba WalkerBOS,BA,43,31.8,19.3,6.6,15.7,42.0,3.0,8.2,36.0,3.1,3.5,89.9,4.0,4.9,1.1,0.3,2.0,0,0,17.72
Ja MorantMEM,PG,63,32.6,19.1,6.8,15.2,44.9,1.2,3.8,30.3,4.3,5.9,72.8,4.0,7.4,0.9,0.2,3.2,14,1,16.81
Michael Porter Jr.DEN,SF,61,31.3,19.0,7.3,13.4,54.2,2.8,6.3,44.5,1.7,2.2,79.1,7.3,1.1,0.7,0.9,1.3,15,0,20.63
D'Angelo RussellMIN,PG,42,28.5,19.0,6.7,15.5,43.1,2.9,7.4,38.7,2.7,3.5,76.5,2.6,5.8,1.1,0.4,2.7,6,0,17.63
Bam AdebayoMIA,C,64,33.5,18.7,7.1,12.5,57.0,0.0,0.1,25.0,4.4,5.5,79.9,9.0,5.4,1.2,1.0,2.6,33,2,22.76
Norman PowellPOR/TOR,SF,69,32.0,18.6,6.3,13.3,47.7,2.5,6.0,41.1,3.4,3.9,87.1,3.1,1.9,1.2,0.3,1.7,0,0,16.29
Andrew WigginsGS,SF,71,33.3,18.6,7.1,14.9,47.7,2.0,5.2,38.0,2.4,3.4,71.4,4.9,2.4,0.9,1.0,1.8,3,0,15.05
Jordan ClarksonUTAH,PG,68,26.7,18.4,6.7,15.8,42.5,3.1,8.8,34.7,1.9,2.1,89.6,4.0,2.5,0.9,0.1,1.7,0,0,17.2
Eric GordonHOU,SG,27,29.2,17.8,5.9,13.6,43.3,2.6,7.8,32.9,3.5,4.2,82.5,2.1,2.6,0.5,0.5,1.9,0,0,14.46
Jrue HolidayMIL,PG,59,32.3,17.7,7.0,13.9,50.3,1.9,4.8,39.2,1.8,2.3,78.7,4.5,6.1,1.6,0.6,2.2,10,0,20.05
John CollinsATL,PF,63,29.3,17.6,6.8,12.2,55.6,1.3,3.3,39.9,2.7,3.2,83.3,7.4,1.2,0.5,1.0,1.3,16,0,20.67
RJ BarrettNY,SG,72,34.9,17.6,6.5,14.7,44.1,1.7,4.3,40.1,2.9,3.8,74.6,5.8,3.0,0.7,0.3,1.9,5,0,13.5
Darius GarlandCLE,PG,54,33.1,17.4,6.7,14.9,45.1,1.9,4.9,39.5,2.1,2.4,84.8,2.4,6.1,1.2,0.1,3.0,6,0,14.24
Kyle LowryTOR,PG,46,34.8,17.2,5.7,13.0,43.6,2.8,7.2,39.6,3.0,3.5,87.5,5.4,7.3,1.0,0.3,2.7,9,2,16.49
Dillon BrooksMEM,SF,67,29.8,17.2,6.4,15.4,41.9,1.9,5.6,34.4,2.4,2.9,81.5,2.9,2.3,1.2,0.4,1.8,0,0,12.19
Evan FournierBOS/ORL,SG,42,30.0,17.1,5.9,12.9,45.7,2.8,6.7,41.3,2.6,3.3,78.8,3.0,3.4,1.1,0.5,1.7,0,0,16.75
Jonas ValanciunasMEM,C,62,28.3,17.1,7.1,12.0,59.2,0.3,0.9,36.8,2.5,3.3,77.3,12.5,1.8,0.6,0.9,1.6,49,0,24.47
Bojan BogdanovicUTAH,SF,72,30.8,17.0,5.6,12.8,43.9,2.5,6.4,39.0,3.2,3.7,87.9,3.9,1.9,0.6,0.1,1.8,0,0,14.03
Tim Hardaway Jr.DAL,SF,70,28.4,16.6,5.8,13.0,44.7,3.0,7.6,39.1,2.0,2.5,81.6,3.3,1.8,0.4,0.2,0.9,0,0,15.73
Kevin Porter Jr.CLE/HOU,SG,26,32.1,16.6,6.0,14.1,42.5,1.9,6.2,31.1,2.7,3.6,73.4,3.8,6.3,0.7,0.3,3.5,4,0,12.57
Buddy HieldSAC,SG,71,34.3,16.6,5.7,14.0,40.6,4.0,10.2,39.1,1.2,1.5,84.6,4.7,3.6,0.9,0.4,1.8,2,0,12.85
Chris PaulLEB/PHX,PG,70,31.4,16.4,6.3,12.6,49.9,1.5,3.7,39.5,2.4,2.6,93.4,4.5,8.9,1.4,0.3,2.2,25,1,21.42
Khyri ThomasHOU,SG,5,30.6,16.4,6.4,13.2,48.5,1.8,5.4,33.3,1.8,1.8,100.0,3.6,5.0,1.8,1.2,1.2,0,0,21.32
Bogdan BogdanovicATL,SG,44,29.7,16.4,6.1,12.8,47.3,3.3,7.6,43.8,0.9,1.0,90.9,3.6,3.3,1.1,0.3,1.2,0,0,17.63
Mike ConleyUTAH/DUR,PG,51,29.4,16.2,5.6,12.5,44.4,2.7,6.6,41.2,2.4,2.8,85.2,3.5,6.0,1.4,0.2,1.9,6,0,19.26
Harrison BarnesSAC,SF,58,36.2,16.1,5.5,11.1,49.7,1.7,4.4,39.1,3.4,4.1,83.0,6.6,3.5,0.7,0.2,1.6,6,0,15.43
Elijah BryantMIL,SG,1,32.0,16.0,6.0,13.0,46.2,1.0,5.0,20.0,3.0,3.0,100.0,6.0,3.0,0.0,1.0,4.0,0,0,10.62
OG AnunobyTOR,SF,43,33.3,15.9,5.8,12.1,48.0,2.4,6.1,39.8,1.9,2.4,78.4,5.5,2.2,1.5,0.7,1.7,3,0,15.44
LaMelo BallCHA,PG,51,28.8,15.7,5.7,13.2,43.6,1.8,5.1,35.2,2.5,3.2,75.8,5.9,6.1,1.6,0.4,2.8,7,1,17.61
Dejounte MurraySA,PG,67,31.9,15.7,6.6,14.5,45.3,0.9,3.0,31.7,1.6,2.0,79.1,7.1,5.4,1.5,0.1,1.7,13,4,16.52
Terrence RossORL,SG,46,29.3,15.6,5.5,13.4,41.2,1.9,5.7,33.7,2.6,3.0,87.0,3.4,2.3,1.0,0.5,1.6,0,0,13.25
T.J. WarrenIND,SF,4,29.3,15.5,6.8,12.8,52.9,0.0,1.8,0.0,2.0,2.5,80.0,3.5,1.3,0.5,0.0,1.0,0,0,11.68
Kelly Oubre Jr.GS,SG,55,30.7,15.4,5.8,13.2,43.9,1.6,5.2,31.6,2.2,3.2,69.5,6.0,1.3,1.0,0.8,1.3,6,0,13.37
Dennis SchroderLAL,PG,61,32.1,15.4,5.4,12.5,43.7,1.2,3.5,33.5,3.4,4.0,84.8,3.5,5.8,1.1,0.2,2.7,6,0,13.84
Derrick WhiteSA,PG,36,29.6,15.4,5.2,12.6,41.1,2.3,6.8,34.6,2.7,3.2,85.1,3.0,3.5,0.7,1.0,1.3,0,0,15.01
Gary Trent Jr.POR/TOR,SG,58,31.1,15.3,5.5,13.5,40.8,2.8,7.4,38.5,1.4,1.8,78.3,2.6,1.4,1.0,0.2,0.7,0,0,12.15
Clint CapelaATL,C,63,30.1,15.2,6.6,11.0,59.4,0.0,0.0,0.0,2.1,3.6,57.3,14.3,0.8,0.7,2.0,1.2,48,1,24.36
Tyler HerroMIA,PG,54,30.3,15.1,5.7,12.9,43.9,2.0,5.5,36.0,1.7,2.2,80.3,5.0,3.4,0.6,0.3,1.9,5,0,13.42
Coby WhiteCHI,PG,69,31.2,15.1,5.4,13.1,41.6,2.4,6.6,35.9,1.9,2.1,90.1,4.1,4.8,0.6,0.2,2.3,5,0,12.09
De'Andre HunterATL,SF,23,29.5,15.0,5.2,10.8,48.4,1.3,4.1,32.6,3.2,3.7,85.9,4.8,1.9,0.8,0.5,1.3,1,0,15.75
Andre DrummondLAL/CLE,C,46,27.0,14.9,6.1,12.4,49.3,0.0,0.2,0.0,2.7,4.5,60.0,12.0,2.0,1.4,1.1,2.7,28,0,19.46
Devonte' GrahamCHA,G,55,30.2,14.8,4.6,12.2,37.7,3.3,8.7,37.5,2.4,2.9,84.2,2.7,5.4,0.9,0.1,1.5,3,0,14.68
Derrick RoseNY/DET,PG,50,25.6,14.7,5.7,12.2,47.0,1.0,2.6,38.8,2.2,2.5,86.6,2.6,4.2,1.0,0.4,1.6,1,0,18.38
Lonzo BallNO,PG,55,31.8,14.6,5.3,12.7,41.4,3.1,8.3,37.8,0.9,1.2,78.1,4.8,5.7,1.5,0.6,2.2,5,1,15.23
Kendrick NunnMIA,G,56,29.5,14.6,5.7,11.8,48.5,2.2,5.7,38.1,1.0,1.1,93.3,3.2,2.6,0.9,0.3,1.4,0,0,14.24
Deandre AytonPHX,C,69,30.7,14.4,6.2,10.0,62.6,0.1,0.3,20.0,1.9,2.5,76.9,10.5,1.4,0.6,1.2,1.5,33,0,20.35
Jaren Jackson Jr.MEM,PF,11,23.5,14.4,4.8,11.4,42.4,1.5,5.5,28.3,3.2,3.8,83.3,5.6,1.1,1.1,1.6,1.4,0,0,18.1
Thomas BryantWSH,C,10,27.1,14.3,5.9,9.1,64.8,0.9,2.1,42.9,1.6,2.4,66.7,6.1,1.5,0.4,0.8,1.1,1,0,18.75
Rudy GobertUTAH/LEB,C,71,30.8,14.3,5.5,8.2,67.5,0.0,0.1,0.0,3.3,5.3,62.3,13.5,1.3,0.6,2.7,1.7,49,0,23.54
Ben SimmonsPHI,PG,58,32.4,14.3,5.6,10.1,55.7,0.1,0.2,30.0,3.0,4.9,61.3,7.2,6.9,1.6,0.6,3.0,13,4,18.38
Richaun HolmesSAC,C,61,29.2,14.2,6.0,9.4,63.7,0.0,0.2,18.2,2.2,2.8,79.4,8.3,1.7,0.6,1.6,1.2,21,0,20.24
Al HorfordOKC,C,28,27.9,14.2,5.8,12.9,45.0,2.0,5.4,36.8,0.6,0.8,81.8,6.7,3.4,0.9,0.9,1.0,1,0,17.48
Marvin Bagley IIISAC,PF,43,25.9,14.1,5.7,11.4,50.4,0.9,2.5,34.3,1.8,3.1,57.5,7.4,1.0,0.5,0.5,1.4,11,0,16.37
Joe HarrisBKN,SF,69,31.0,14.1,5.2,10.2,50.5,3.1,6.4,47.5,0.7,0.9,77.8,3.6,1.9,0.7,0.2,0.9,0,0,14.12
Luguentz DortOKC,SF,52,29.7,14.0,4.8,12.3,38.7,2.2,6.3,34.3,2.3,3.2,74.4,3.6,1.7,0.9,0.4,1.5,0,0,10.19
Rui HachimuraWSH,PF,57,31.5,13.8,5.4,11.4,47.8,0.8,2.4,32.8,2.2,2.8,77.0,5.5,1.4,0.8,0.1,1.2,3,0,11.45
Darius BazleyOKC,PF,55,31.2,13.7,5.0,12.5,39.6,1.5,5.2,29.0,2.3,3.2,70.2,7.2,1.8,0.5,0.5,2.2,11,0,9.73
Chris BoucherTOR,PF,60,24.2,13.6,4.8,9.3,51.4,1.5,3.9,38.3,2.5,3.2,78.8,6.7,1.1,0.6,1.9,0.8,12,0,21.97
Lauri MarkkanenCHI,PF,51,25.8,13.6,4.9,10.2,48.0,2.3,5.8,40.2,1.5,1.8,82.6,5.3,0.9,0.5,0.3,1.0,2,0,15.25
Doug McDermottIND,SF,66,24.5,13.6,5.4,10.1,53.2,1.7,4.3,38.8,1.2,1.5,81.6,3.3,1.3,0.3,0.1,0.8,0,0,15.72
LaMarcus AldridgeSA/BKN,F,26,25.9,13.5,5.4,11.4,47.3,1.2,3.1,38.7,1.6,1.8,87.2,4.5,1.9,0.4,1.1,1.0,1,0,15.75
Kelly OlynykMIA/HOU,PF,70,28.5,13.5,4.8,10.0,48.3,1.8,5.3,34.2,2.1,2.5,82.9,7.0,2.9,1.1,0.6,1.8,12,0,16.41
Montrezl HarrellLAL,C,69,22.9,13.5,5.4,8.7,62.2,0.0,0.1,0.0,2.6,3.7,70.7,6.2,1.1,0.7,0.7,1.1,8,0,22.76
Mikal BridgesPHX,SF,72,32.6,13.5,5.0,9.3,54.3,1.9,4.4,42.5,1.5,1.8,84.0,4.3,2.1,1.1,0.9,0.8,2,0,16.45
Goran DragicMIA,PG,50,26.7,13.4,4.8,11.1,43.2,1.8,4.9,37.3,2.0,2.4,82.8,3.4,4.4,0.7,0.2,2.4,1,0,13.07
Marcus Morris Sr.LAC,SF,57,26.4,13.4,4.8,10.2,47.3,2.5,5.2,47.3,1.3,1.6,82.0,4.1,1.0,0.6,0.3,1.0,0,0,14.51
Carmelo AnthonyPOR,PF,69,24.5,13.4,4.7,11.3,42.1,1.9,4.7,40.9,2.0,2.2,89.0,3.1,1.5,0.7,0.6,0.9,0,0,14.66
Josh JacksonDET,SG,62,25.2,13.4,4.8,11.4,41.9,1.2,4.1,30.0,2.6,3.5,72.9,4.1,2.3,0.9,0.8,2.3,2,0,12.1
Danilo GallinariATL,PF,51,24.0,13.3,4.0,9.3,43.4,2.0,5.0,40.6,3.2,3.4,92.5,4.1,1.5,0.6,0.2,0.8,2,0,16.37
Duncan RobinsonMIA,SG,72,31.4,13.1,4.4,10.0,43.9,3.5,8.5,40.8,0.9,1.0,82.7,3.5,1.8,0.6,0.3,1.1,1,0,11.1
Marcus SmartBOS,PG,48,32.9,13.1,4.2,10.6,39.8,1.9,5.9,33.0,2.7,3.4,79.0,3.5,5.7,1.5,0.5,2.0,3,0,13.8
Tyrese HaliburtonSAC,PG,58,30.1,13.0,5.0,10.7,47.2,2.1,5.1,40.9,0.8,1.0,85.7,3.0,5.3,1.3,0.5,1.6,5,0,16.19
Shake MiltonPHI,SG,63,23.2,13.0,4.8,10.6,45.0,1.1,3.2,35.0,2.3,2.8,83.0,2.3,3.1,0.6,0.3,1.6,0,0,14.64
Markelle FultzORL,PG,8,26.9,12.9,5.1,13.0,39.4,0.5,2.0,25.0,2.1,2.4,89.5,3.1,5.4,1.0,0.3,2.3,1,0,12.05
P.J. WashingtonCHA,PF,64,30.5,12.9,4.7,10.7,44.0,1.8,4.5,38.6,1.7,2.3,74.5,6.5,2.5,1.1,1.2,2.0,10,0,13.42
Cole AnthonyORL,PG,47,27.1,12.9,4.7,11.7,39.7,1.2,3.7,33.7,2.3,2.8,83.2,4.7,4.1,0.6,0.4,2.3,0,0,12.16
Kyle KuzmaLAL,SF,68,28.7,12.9,4.9,11.1,44.3,2.0,5.6,36.1,1.0,1.4,69.1,6.1,1.9,0.5,0.6,1.7,13,0,12.8
Jarrett AllenCLE/BKN,C,63,29.6,12.8,4.7,7.7,61.8,0.1,0.3,31.6,3.2,4.6,70.3,10.0,1.7,0.5,1.4,1.6,25,0,20.15
Keldon JohnsonSA,SF,69,28.5,12.8,4.9,10.2,47.9,0.9,2.6,33.1,2.1,2.8,74.0,6.0,1.8,0.6,0.3,1.1,8,0,13.86
Miles BridgesCHA,SF,66,29.3,12.7,4.7,9.4,50.3,1.8,4.4,40.0,1.5,1.7,86.7,6.0,2.2,0.7,0.8,1.6,11,0,14.72
Alec BurksNY,SG,49,25.6,12.7,4.3,10.2,42.0,2.1,5.0,41.5,2.1,2.4,85.6,4.6,2.2,0.6,0.3,1.0,3,0,14.88
Will BartonDEN,SF,56,31.0,12.7,4.6,10.9,42.6,1.8,4.6,38.1,1.7,2.2,78.5,4.0,3.2,0.9,0.4,1.7,0,0,11.86
Jalen BrunsonDAL,PG,68,25.0,12.6,4.8,9.2,52.3,1.2,2.9,40.5,1.8,2.2,79.5,3.4,3.5,0.5,0.0,1.2,1,0,17.19
Myles TurnerIND,C,47,31.0,12.6,4.4,9.2,47.7,1.5,4.4,33.5,2.4,3.0,78.2,6.5,1.0,0.9,3.4,1.4,7,0,15.36
Seth CurryPHI,SG,57,28.7,12.5,4.5,9.7,46.7,2.2,4.9,45.0,1.2,1.4,89.6,2.4,2.7,0.8,0.1,1.1,0,0,12.91
Kyle AndersonMEM,SF,69,27.3,12.4,4.5,9.5,46.8,1.4,3.8,36.0,2.1,2.7,78.3,5.7,3.6,1.2,0.8,1.2,3,0,17.27
Aaron GordonDEN/ORL,PF,50,27.7,12.4,4.6,10.0,46.3,1.2,3.5,33.5,1.9,3.0,65.1,5.7,3.2,0.7,0.7,1.9,3,1,14.59
Brook LopezMIL,C,70,27.2,12.3,4.6,9.1,50.3,1.4,4.0,33.8,1.7,2.0,84.5,5.0,0.7,0.6,1.5,0.9,3,0,15.46
Saddiq BeyDET,SF,70,27.3,12.2,4.0,9.9,40.4,2.5,6.6,38.0,1.8,2.1,84.4,4.5,1.4,0.7,0.2,0.9,3,0,12.64
Eric BledsoeNO,SG,71,29.7,12.2,4.3,10.3,42.1,1.7,5.0,34.1,1.9,2.7,68.7,3.4,3.8,0.8,0.3,1.6,4,0,11.58
Kevin LoveCLE,PF,25,24.9,12.2,4.1,10.1,40.9,2.3,6.2,36.5,1.7,2.0,82.4,7.4,2.5,0.6,0.1,1.5,5,0,15.1
Josh RichardsonDAL,SG,59,30.3,12.1,4.5,10.5,42.7,1.5,4.5,33.0,1.7,1.8,91.7,3.3,2.6,1.0,0.4,1.3,0,0,11.92
Thaddeus YoungCHI,PF,68,24.3,12.1,5.4,9.7,55.9,0.2,0.7,26.7,1.0,1.7,62.8,6.2,4.3,1.1,0.6,2.0,7,0,20.41
Joe InglesUTAH,SG,67,27.9,12.1,4.1,8.4,48.9,2.7,6.1,45.1,1.1,1.3,84.4,3.6,4.7,0.7,0.2,1.7,2,0,15.92
Jordan PooleGS,SG,51,19.4,12.0,4.0,9.3,43.2,1.9,5.4,35.1,2.1,2.3,88.2,1.8,1.9,0.5,0.2,1.0,0,0,15.19
Kevin HuerterATL,SG,69,30.8,11.9,4.6,10.6,43.2,2.0,5.6,36.3,0.7,0.9,78.1,3.3,3.5,1.2,0.3,1.1,3,0,12.19
Malik MonkCHA,SG,42,20.9,11.7,4.1,9.5,43.4,2.0,5.0,40.1,1.4,1.7,81.9,2.4,2.1,0.5,0.1,1.3,0,0,13.63
Hamidou DialloOKC/DET,SG,52,23.6,11.6,4.3,9.0,47.7,0.5,1.6,34.1,2.5,3.8,64.0,5.2,1.9,0.8,0.5,1.5,7,0,14.31
Davis BertansWSH,SF,57,25.7,11.5,3.4,8.4,40.4,3.0,7.5,39.5,1.8,2.0,87.0,2.9,0.9,0.6,0.2,0.6,0,0,11.44
James WisemanGS,C,39,21.4,11.5,4.9,9.4,51.9,0.3,1.0,31.6,1.4,2.2,62.8,5.8,0.7,0.3,0.9,1.5,3,0,13.2
Jusuf NurkicPOR,C,37,23.8,11.5,4.6,9.0,51.4,0.3,0.8,40.0,1.9,3.1,61.9,9.0,3.4,1.0,1.1,2.0,13,0,20.53
Bobby PortisMIL,C,66,20.8,11.4,4.7,9.1,52.3,1.1,2.4,47.1,0.8,1.1,74.0,7.1,1.1,0.8,0.4,0.8,12,0,20.0
Immanuel QuickleyNY,SG,64,19.4,11.4,3.6,9.1,39.5,1.8,4.7,38.9,2.4,2.7,89.1,2.1,2.0,0.5,0.2,0.9,0,0,15.84
Rudy GaySA,SF,63,21.6,11.4,4.2,10.0,42.0,1.7,4.4,38.1,1.3,1.6,80.4,4.8,1.4,0.7,0.6,1.0,1,0,14.76
Lou WilliamsLAC/ATL,SG,66,21.6,11.3,4.0,9.8,41.0,1.0,2.6,39.9,2.3,2.6,86.7,2.1,3.4,0.7,0.1,1.6,2,0,14.04
Jae'Sean TateHOU,SF,70,29.2,11.3,4.5,8.9,50.6,0.9,2.8,30.8,1.5,2.1,69.4,5.3,2.5,1.2,0.5,1.4,3,0,13.83
Cam ReddishATL,SF,26,28.8,11.2,3.7,10.1,36.5,1.3,4.8,26.2,2.6,3.2,81.7,4.0,1.3,1.3,0.3,1.3,0,0,9.36
Wendell Carter Jr.CHI/ORL,C,54,25.5,11.2,4.3,8.5,50.3,0.3,0.9,29.4,2.4,3.3,73.2,8.2,1.9,0.6,0.8,1.4,13,0,16.76
Naz ReidMIN,C,70,19.2,11.2,4.3,8.3,52.3,0.9,2.5,35.1,1.6,2.4,69.3,4.6,1.0,0.5,1.1,1.0,1,0,18.27
Enes KanterPOR,C,72,24.4,11.2,4.7,7.8,60.4,0.0,0.1,25.0,1.8,2.3,77.4,11.0,1.2,0.5,0.7,1.1,34,0,22.48
Armoni BrooksHOU,SG,20,26.0,11.2,3.9,9.6,40.6,3.0,7.9,38.2,0.4,0.6,58.3,3.4,1.5,0.6,0.3,1.1,0,0,10.47
Lonnie Walker IVSA,SG,60,25.4,11.2,4.3,10.2,42.0,1.7,4.7,35.5,1.0,1.2,81.4,2.6,1.7,0.5,0.3,1.1,0,0,9.85
Serge IbakaLAC,C,41,23.3,11.1,4.5,8.9,51.0,1.0,2.8,33.9,1.0,1.3,81.1,6.7,1.8,0.2,1.1,1.1,5,0,18.21
Nickeil Alexander-WalkerNO,SG,46,21.9,11.0,4.2,10.0,41.9,1.7,4.8,34.7,1.0,1.4,72.7,3.1,2.2,1.0,0.5,1.5,0,0,12.58
Jeff GreenBKN,PF,68,27.0,11.0,3.8,7.8,49.2,1.5,3.7,41.2,1.8,2.4,77.6,3.9,1.6,0.5,0.4,0.8,0,0,13.01
Blake GriffinBKN/DET,PF,46,25.8,11.0,3.8,8.9,42.3,1.5,4.5,34.1,1.9,2.5,74.4,4.9,3.0,0.7,0.3,1.3,2,0,12.93
Dwayne BaconORL,SG,72,25.7,10.9,4.1,10.1,40.2,0.8,2.9,28.5,2.0,2.4,82.4,3.1,1.3,0.6,0.1,0.6,0,0,9.99
Reggie BullockNY,SF,65,30.0,10.9,3.8,8.6,44.2,2.5,6.1,41.0,0.8,0.8,90.9,3.4,1.5,0.8,0.2,0.7,0,0,11.18
Oshae BrissettIND,SF,21,24.7,10.9,3.5,7.2,48.3,1.6,3.7,42.3,2.4,3.1,76.9,5.5,0.9,0.9,1.0,0.5,5,0,17.23
Patty MillsSA,PG,68,24.8,10.8,3.7,9.0,41.2,2.4,6.3,37.5,1.0,1.1,91.0,1.7,2.4,0.6,0.0,1.0,0,0,11.87
Cameron OliverHOU,F,4,21.8,10.8,4.8,8.3,57.6,1.0,3.3,30.8,0.3,1.0,25.0,5.3,1.3,0.5,1.0,0.8,1,0,17.29
Ty JeromeOKC,SG,33,23.9,10.7,3.9,8.7,44.6,2.2,5.1,42.3,0.8,1.0,76.5,2.8,3.6,0.6,0.2,1.4,0,0,13.44
Reggie JacksonLAC,PG,67,23.0,10.7,3.9,8.7,45.0,1.8,4.2,43.3,1.0,1.2,81.7,2.9,3.1,0.6,0.1,1.1,0,0,14.22
Grayson AllenMEM,SG,50,25.2,10.6,3.5,8.3,41.8,2.1,5.5,39.1,1.6,1.8,86.8,3.2,2.2,0.9,0.2,1.0,0,0,12.83
Justin HolidayIND,SF,72,30.3,10.5,3.6,8.7,41.3,2.4,6.3,38.2,0.9,1.2,78.8,3.6,1.7,1.0,0.6,0.8,0,0,10.47
Donte DiVincenzoMIL,SG,66,27.5,10.4,3.8,9.1,42.0,2.0,5.2,37.9,0.8,1.1,71.8,5.8,3.1,1.1,0.2,1.4,5,0,12.99
Cedi OsmanCLE,SF,59,25.6,10.4,3.7,9.9,37.4,1.7,5.5,30.6,1.3,1.6,80.0,3.4,2.9,0.9,0.2,1.4,2,0,10.34
Mason PlumleeDET,C,56,26.8,10.4,4.2,6.8,61.4,0.0,0.1,0.0,2.0,3.0,66.9,9.3,3.6,0.8,0.9,1.9,16,2,18.7
Brandon ClarkeMEM,PF,59,24.0,10.3,4.3,8.4,51.7,0.3,1.3,26.0,1.3,1.9,69.0,5.6,1.6,1.0,0.9,0.6,3,0,17.37
Delon WrightSAC/DET,SG,63,27.7,10.2,3.8,8.2,46.3,1.0,2.7,37.2,1.6,2.0,80.2,4.3,4.4,1.6,0.5,1.3,3,0,16.29
Monte MorrisDEN,PG,47,25.4,10.2,4.0,8.2,48.1,1.1,2.9,38.1,1.2,1.6,79.5,2.0,3.2,0.7,0.3,0.7,0,0,14.04
Elfrid PaytonNY,PG,63,23.6,10.1,4.3,9.9,43.2,0.4,1.6,28.6,1.2,1.7,68.2,3.4,3.2,0.7,0.1,1.6,0,0,11.8
Theo MaledonOKC,PG,65,27.4,10.1,3.5,9.4,36.8,1.6,4.8,33.5,1.6,2.1,74.8,3.2,3.5,0.9,0.2,2.2,1,0,8.19
Jeremy LambIND,SG,36,21.3,10.1,3.3,7.7,43.5,1.4,3.6,40.6,2.0,2.1,94.7,3.6,1.5,0.9,0.6,0.6,0,0,15.81
Jae CrowderPHX,PF,60,27.5,10.1,3.3,8.2,40.4,2.5,6.3,38.9,1.0,1.3,76.0,4.7,2.1,0.8,0.5,0.9,0,0,11.88
Bryn ForbesMIL,SG,70,19.3,10.0,3.6,7.6,47.3,2.2,4.9,45.2,0.7,0.9,77.0,1.6,0.6,0.3,0.0,0.6,1,0,12.84
Gary HarrisDEN/ORL,SG,39,27.7,9.9,3.5,8.8,40.0,1.2,3.6,34.0,1.6,2.0,82.1,2.0,2.0,0.7,0.3,0.9,0,0,9.18
Dorian Finney-SmithDAL,PF,60,32.0,9.8,3.7,7.8,47.2,2.0,5.0,39.4,0.5,0.7,75.6,5.4,1.7,0.9,0.4,0.8,1,0,12.0
Frank JacksonDET,PG,40,18.5,9.8,3.4,7.3,45.7,1.5,3.8,40.7,1.5,1.9,81.3,2.2,0.9,0.4,0.0,0.9,0,0,13.31
Kentavious Caldwell-PopeLAL,SG,67,28.4,9.7,3.3,7.6,43.1,1.8,4.4,41.0,1.4,1.7,86.6,2.7,1.9,0.9,0.4,1.0,1,0,10.74
Mike MuscalaOKC,C,35,18.4,9.7,3.4,7.6,44.6,1.9,5.3,37.0,0.9,1.0,91.7,3.8,0.8,0.2,0.3,0.6,0,0,14.72
Otto Porter Jr.CHI/ORL,SF,28,21.7,9.7,3.5,8.1,43.2,1.4,3.7,37.5,1.3,1.5,85.7,5.4,2.0,0.6,0.1,0.9,2,0,14.52
Daniel TheisBOS/CHI,C,65,24.6,9.6,3.9,7.2,54.1,0.8,2.3,32.2,1.1,1.7,67.3,5.5,1.7,0.6,0.9,1.0,6,0,15.02
Isaac OkoroCLE,SF,67,32.4,9.6,3.5,8.3,42.0,0.9,3.2,29.0,1.7,2.3,72.6,3.1,1.9,0.9,0.4,1.3,1,0,7.91
Wayne EllingtonDET,SG,46,22.0,9.6,3.2,7.3,44.1,2.5,6.0,42.2,0.6,0.8,80.0,1.8,1.5,0.4,0.2,0.7,0,0,12.27
Cameron JohnsonPHX,SF,60,24.0,9.6,3.4,8.1,42.0,2.0,5.6,34.9,0.8,1.0,84.7,3.3,1.4,0.6,0.3,0.7,0,0,11.83
Eric PaschallGS,F,40,17.4,9.5,3.7,7.5,49.7,0.5,1.4,33.3,1.7,2.4,71.3,3.2,1.3,0.3,0.2,1.1,0,0,13.45
Taurean PrinceCLE/BKN,PF,41,22.1,9.5,3.2,8.0,40.1,1.5,3.8,40.0,1.6,1.9,85.5,3.5,1.9,0.7,0.6,1.1,0,0,12.1
Danny GreenPHI,SF,69,28.0,9.5,3.2,7.9,41.2,2.5,6.3,40.5,0.4,0.6,77.5,3.8,1.7,1.3,0.8,1.0,1,0,12.14
Trevor ArizaOKC/MIA,SF,30,28.0,9.4,3.3,8.0,41.1,1.7,4.8,35.0,1.1,1.5,77.3,4.8,1.8,1.0,0.6,0.7,1,0,11.9
Cody ZellerCHA,C,48,20.9,9.4,3.8,6.8,55.9,0.1,0.6,14.3,1.8,2.5,71.4,6.8,1.8,0.6,0.4,1.1,8,0,18.22
Larry Nance Jr.CLE,PF,35,31.2,9.3,3.7,7.8,47.1,1.2,3.3,36.0,0.9,1.4,61.2,6.7,3.1,1.7,0.5,1.6,5,0,13.22
Kenyon Martin Jr.HOU,F,45,23.7,9.3,3.6,7.1,50.9,0.8,2.1,36.5,1.3,1.9,71.4,5.4,1.1,0.7,0.9,0.8,4,0,14.65
Landry ShametBKN,SG,61,23.0,9.3,3.0,7.5,40.8,2.1,5.5,38.7,1.1,1.3,84.6,1.8,1.6,0.5,0.2,0.8,0,0,10.39
Josh HartNO,SG,47,28.7,9.2,3.2,7.3,43.9,1.3,4.1,32.6,1.5,1.9,77.5,8.0,2.3,0.8,0.3,1.0,7,0,12.18
Patrick WilliamsCHI,PF,71,27.9,9.2,3.6,7.4,48.3,0.8,1.9,39.1,1.3,1.8,72.8,4.6,1.4,0.9,0.6,1.4,3,0,10.53
David NwabaHOU,SF,30,22.6,9.2,3.5,7.3,48.6,0.6,2.1,27.0,1.6,2.3,69.1,3.9,1.0,1.0,0.7,0.6,1,0,14.4
Desmond BaneMEM,SG,68,22.3,9.2,3.4,7.3,46.9,1.7,4.0,43.2,0.6,0.7,81.6,3.1,1.7,0.6,0.2,0.9,0,0,12.23
Furkan KorkmazPHI,SG,55,19.3,9.1,3.1,7.7,40.1,1.8,4.9,37.5,1.1,1.5,73.2,2.1,1.5,0.9,0.2,0.8,0,0,12.8
De'Anthony MeltonMEM,SG,52,20.1,9.1,3.3,7.6,43.8,1.7,4.1,41.2,0.8,1.0,80.4,3.1,2.5,1.2,0.6,1.3,1,0,15.28
Robin LopezWSH,C,71,19.1,9.0,3.8,6.0,63.3,0.1,0.3,27.8,1.4,1.9,72.3,3.8,0.8,0.2,0.6,1.1,3,0,16.79
Ivica ZubacLAC,C,72,22.3,9.0,3.6,5.5,65.2,0.0,0.1,25.0,1.9,2.4,78.9,7.2,1.3,0.3,0.9,1.1,13,0,19.1
Jaylen NowellMIN,SG,42,18.1,9.0,3.4,8.0,42.4,1.2,3.6,33.3,1.1,1.3,81.8,2.3,1.5,0.5,0.3,0.7,0,0,12.41
Talen Horton-TuckerLAL,SG,65,20.1,9.0,3.4,7.5,45.8,0.6,2.0,28.2,1.5,2.0,77.5,2.6,2.8,1.0,0.3,1.6,4,0,12.99
Paul MillsapDEN,PF,56,20.8,9.0,3.4,7.2,47.6,0.9,2.6,34.3,1.3,1.8,72.4,4.7,1.8,0.9,0.6,0.9,2,0,16.46
DeMarcus CousinsLAC/HOU,C,41,17.4,8.9,3.2,7.4,42.6,1.1,3.3,34.8,1.4,2.0,72.8,6.4,1.9,0.8,0.6,1.6,7,0,16.5
Michael Carter-WilliamsORL,PG,31,25.8,8.8,3.4,8.7,38.9,0.5,2.0,24.6,1.6,2.6,61.3,4.5,4.2,0.8,0.5,2.2,0,0,9.51
Bruce BrownBKN,SF,65,22.3,8.8,3.6,6.5,55.6,0.3,0.9,28.8,1.3,1.8,73.5,5.4,1.6,0.9,0.4,0.8,6,0,16.15
Danuel House Jr.HOU,SF,36,25.9,8.8,3.1,7.6,40.4,1.5,4.3,34.6,1.1,1.8,65.1,3.7,1.9,0.6,0.4,1.0,0,0,9.12
Jay ScrubbLAC,SG,4,21.0,8.8,3.5,9.0,38.9,0.5,2.3,22.2,1.3,1.3,100.0,3.5,0.3,1.0,0.0,1.8,0,0,6.36
Dario SaricPHX,PF,50,17.4,8.7,3.1,6.8,44.7,0.9,2.7,34.8,1.7,2.0,84.8,3.8,1.3,0.6,0.1,1.1,0,0,14.4
Terence DavisSAC/TOR,SG,61,17.6,8.7,3.2,7.5,42.8,1.6,4.4,36.7,0.7,0.9,81.8,2.5,1.4,0.7,0.2,1.0,0,0,12.72
Isaiah RobyOKC,C,61,23.4,8.7,3.4,7.0,48.3,0.5,1.8,29.4,1.4,1.9,74.4,5.6,1.8,0.9,0.6,1.9,3,0,11.94
Raul NetoWSH,PG,64,21.9,8.7,3.3,7.0,46.8,1.0,2.6,39.0,1.2,1.3,88.2,2.4,2.3,1.1,0.1,0.8,0,0,13.01
George HillOKC/PHI,G,30,22.4,8.7,3.2,6.6,48.2,1.0,2.7,38.7,1.3,1.7,80.0,2.0,2.4,0.8,0.2,1.0,0,0,13.13
T.J. McConnellIND,PG,69,26.0,8.6,4.0,7.1,55.9,0.2,0.7,31.3,0.5,0.7,68.8,3.7,6.6,1.9,0.3,2.0,5,1,16.98
Moses BrownOKC,C,43,21.4,8.6,3.4,6.2,54.5,0.0,0.0,0.0,1.8,2.9,61.9,8.9,0.2,0.7,1.1,1.0,12,0,18.83
Jakob PoeltlSA,C,69,26.7,8.6,3.8,6.2,61.6,0.0,0.0,0.0,0.9,1.8,50.8,7.9,1.9,0.7,1.8,1.2,15,0,17.53
Ricky RubioMIN,PG,68,26.1,8.6,2.8,7.3,38.8,1.0,3.1,30.8,1.9,2.2,86.7,3.3,6.4,1.4,0.1,1.6,4,0,13.53
Robert CovingtonPOR,PF,70,32.0,8.5,2.9,7.3,40.1,1.9,5.1,37.9,0.7,0.9,80.6,6.7,1.7,1.4,1.2,0.9,6,0,11.19
Svi MykhailiukOKC/DET,SG,66,20.1,8.5,3.2,7.7,41.1,1.6,4.8,33.4,0.6,0.8,76.0,2.5,1.7,0.8,0.2,1.3,0,0,10.47
Cameron PaynePHX,PG,60,18.0,8.4,3.2,6.6,48.4,1.2,2.8,44.0,0.8,0.9,89.3,2.4,3.6,0.6,0.3,1.0,1,0,17.47
James Ennis IIIORL,SF,41,24.0,8.4,2.8,5.9,47.3,1.1,2.5,43.3,1.7,2.1,80.5,4.0,1.5,0.8,0.2,0.9,1,0,12.54
Gabriel DeckOKC,SF,10,21.2,8.4,3.2,6.7,47.8,0.2,1.5,13.3,1.8,2.2,81.8,4.0,2.4,0.8,0.0,0.6,0,0,16.09
Mitchell RobinsonNY,C,31,27.5,8.3,3.7,5.7,65.3,0.0,0.0,0.0,0.8,1.7,49.1,8.1,0.5,1.1,1.5,0.8,5,0,17.7
Luke KennardLAC,SG,63,19.6,8.3,3.1,6.6,47.6,1.6,3.6,44.6,0.4,0.5,83.9,2.6,1.7,0.4,0.1,0.8,1,0,12.72
Cory JosephSAC/DET,PG,63,23.0,8.2,3.2,6.8,46.9,0.7,2.1,34.1,1.1,1.4,81.8,2.5,3.4,1.0,0.3,1.3,2,0,12.52
Sterling BrownHOU,SF,51,24.1,8.2,2.9,6.6,44.8,1.8,4.2,42.3,0.5,0.6,80.6,4.4,1.4,0.7,0.2,0.8,2,0,11.1
Aleksej PokusevskiOKC,PF,45,24.2,8.2,3.1,9.1,34.1,1.3,4.6,28.0,0.7,0.9,73.8,4.7,2.2,0.4,0.9,2.2,1,0,6.18
Hassan WhitesideSAC,C,36,15.2,8.1,3.5,6.2,56.3,0.0,0.0,0.0,1.1,2.2,51.9,6.0,0.6,0.3,1.3,1.1,4,0,19.28
JaMychal GreenDEN,PF,58,19.3,8.1,3.0,6.4,46.3,1.4,3.4,39.9,0.8,1.0,80.7,4.8,0.9,0.4,0.4,0.9,1,0,13.66
Nicolas BatumLAC,PF,67,27.4,8.1,2.9,6.1,46.4,1.6,4.1,40.4,0.7,0.9,82.8,4.7,2.2,1.0,0.6,0.8,1,0,12.89
Robert Williams IIIBOS,C,52,18.9,8.0,3.6,5.0,72.1,0.0,0.0,0.0,0.9,1.4,61.6,6.9,1.8,0.8,1.8,1.0,4,0,25.71
Tyrese MaxeyPHI,PG,61,15.3,8.0,3.2,7.0,46.2,0.5,1.7,30.1,1.0,1.1,87.1,1.7,2.0,0.4,0.2,0.7,0,0,14.56
Mo BambaORL,C,46,15.8,8.0,3.1,6.5,47.2,0.8,2.6,32.2,1.0,1.4,68.2,5.8,0.8,0.3,1.3,0.8,4,0,19.39
Kenrich WilliamsOKC,SF,66,21.6,8.0,3.3,6.2,53.3,0.8,1.8,44.4,0.5,1.0,57.1,4.1,2.3,0.8,0.3,1.2,0,0,13.99
Austin RiversNY/DEN,SG,36,23.5,7.9,2.9,6.8,42.4,1.5,4.1,36.9,0.6,0.9,71.0,2.3,2.3,0.8,0.1,1.0,0,0,9.92
Isaiah StewartDET,C,68,21.4,7.9,3.3,6.0,55.3,0.3,0.9,33.3,0.9,1.4,69.6,6.7,0.9,0.6,1.3,1.0,8,0,16.4
Anfernee SimonsPOR,SG,64,17.3,7.8,2.6,6.3,41.9,1.9,4.4,42.6,0.7,0.9,80.7,2.2,1.4,0.3,0.1,0.7,0,0,12.38
Willy HernangomezNO,C,47,18.0,7.8,3.2,5.7,56.3,0.0,0.2,10.0,1.3,2.0,66.7,7.1,1.1,0.5,0.5,0.7,11,0,19.65
Chuma OkekeORL,PF,45,25.2,7.8,3.0,7.2,41.7,1.1,3.1,34.8,0.7,0.9,75.0,4.0,2.2,1.1,0.5,0.8,0,0,11.78
Payton PritchardBOS,PG,66,19.2,7.7,2.8,6.3,44.0,1.5,3.8,41.1,0.6,0.7,88.9,2.4,1.8,0.6,0.1,0.8,0,0,12.43
Tomas SatoranskyCHI,SG,58,22.5,7.7,2.9,5.7,51.4,0.7,2.0,35.6,1.2,1.4,84.8,2.4,4.7,0.7,0.2,1.7,1,0,13.87
PJ DozierDEN,SG,50,21.8,7.7,3.0,7.1,41.7,0.9,3.0,31.5,0.8,1.3,63.6,3.6,1.8,0.6,0.4,0.9,0,0,10.47
Mike JamesBKN,PG,13,18.2,7.7,2.6,7.1,37.0,0.8,2.4,35.5,1.6,2.1,77.8,2.5,4.2,0.5,0.1,1.5,0,0,11.96
Naji MarshallNO,SF,32,21.9,7.7,2.6,6.5,39.2,0.9,2.6,34.9,1.7,2.3,70.7,4.6,2.8,0.8,0.3,1.2,3,0,11.38
D.J. AugustinMIL/HOU,PG,57,19.8,7.7,2.4,6.0,39.4,1.5,3.8,38.2,1.5,1.6,90.4,1.6,3.3,0.5,0.0,1.1,0,0,12.18
Isaiah ThomasNO,G,3,16.0,7.7,3.0,9.0,33.3,1.0,4.0,25.0,0.7,0.7,100.0,1.3,1.7,0.3,0.0,2.0,0,0,2.5
Ben McLemoreLAL/HOU,SG,53,17.1,7.7,2.5,6.9,37.0,1.8,5.3,34.6,0.7,1.0,73.6,1.9,0.7,0.4,0.2,0.8,0,0,8.57
Tristan ThompsonBOS,C,54,23.8,7.6,3.1,6.0,51.8,0.0,0.1,0.0,1.3,2.2,59.2,8.1,1.2,0.4,0.6,1.1,5,0,14.27
Garrett TempleCHI,SF,56,27.3,7.6,2.8,6.8,41.5,1.2,3.6,33.5,0.7,0.9,80.0,2.9,2.2,0.8,0.5,1.0,0,0,8.28
Steven AdamsNO,C,58,27.7,7.6,3.3,5.3,61.4,0.0,0.1,0.0,1.0,2.3,44.4,8.9,1.9,0.9,0.7,1.3,13,1,15.15
Edmond SumnerIND,PG,53,16.2,7.5,2.8,5.3,52.5,0.7,1.7,39.8,1.3,1.6,81.9,1.8,0.9,0.6,0.2,1.0,0,0,12.72
Patrick BeverleyLAC,PG,37,22.5,7.5,2.5,5.9,42.3,1.5,3.8,39.7,1.0,1.2,80.0,3.2,2.1,0.8,0.8,0.9,0,0,12.0
Malachi FlynnTOR,PG,47,19.7,7.5,2.7,7.2,37.4,1.1,3.6,32.1,1.0,1.2,80.4,2.5,2.9,0.8,0.1,0.9,1,0,10.98
Henry EllensonTOR,PF,2,19.0,7.5,2.5,7.0,35.7,1.0,4.5,22.2,1.5,2.0,75.0,6.0,2.5,0.0,0.0,0.0,0,0,12.87
Jaxson HayesNO,C,60,16.1,7.5,2.9,4.7,62.5,0.1,0.2,42.9,1.6,2.0,77.5,4.3,0.6,0.4,0.6,0.7,0,0,19.14
DeAndre JordanBKN,C,57,21.9,7.5,3.3,4.4,76.3,0.0,0.0,0.0,0.8,1.6,50.0,7.5,1.6,0.3,1.1,1.5,6,0,17.14
JJ RedickNO/DAL,SG,44,16.4,7.4,2.4,6.1,39.7,1.5,4.0,37.1,1.1,1.2,94.2,1.5,1.2,0.3,0.1,0.8,0,0,9.95
Jalen HarrisTOR,SG,13,13.2,7.4,2.8,5.5,50.0,1.3,2.8,47.2,0.5,0.7,77.8,1.4,1.3,0.6,0.0,1.1,0,0,15.29
Jalen McDanielsCHA,PF,47,19.2,7.4,2.8,6.0,46.8,0.7,2.2,33.3,1.0,1.4,70.3,3.6,1.1,0.6,0.4,1.0,2,0,11.46
Louis KingSAC,PF,6,14.2,7.3,2.8,5.7,50.0,0.7,1.8,36.4,1.0,1.0,100.0,3.0,1.5,1.2,0.5,0.7,0,0,21.22
JaVale McGeeCLE/DEN,C,46,14.7,7.3,3.1,6.1,51.1,0.1,0.5,20.8,1.0,1.5,65.7,5.2,0.8,0.4,1.2,1.3,1,0,17.07
James JohnsonNO/DAL,PF,51,20.5,7.2,2.9,6.4,44.6,0.6,2.4,25.8,0.9,1.5,59.2,3.5,1.9,0.8,0.8,1.1,0,0,11.41
Juancho HernangomezMIN,F,52,17.3,7.2,2.5,5.8,43.5,1.1,3.2,32.7,1.2,1.9,61.9,3.9,0.7,0.4,0.1,0.5,0,0,12.11
Justin JacksonOKC/MIL,SF,34,17.0,7.2,2.6,6.5,40.3,1.1,3.4,30.8,0.9,1.1,83.8,2.3,1.5,0.4,0.1,0.9,0,0,10.49
Aaron HolidayIND,PG,66,17.8,7.2,2.6,6.6,39.0,1.0,2.8,36.8,1.0,1.3,81.9,1.3,1.9,0.7,0.2,1.0,1,0,9.29
Khem BirchTOR/ORL,C,67,22.8,7.2,2.8,5.7,49.7,0.2,0.8,25.0,1.4,1.9,70.5,5.8,1.3,0.7,0.7,0.7,6,0,15.15
Kent BazemoreGS,SF,67,19.9,7.2,2.6,5.9,44.9,1.1,2.7,40.8,0.8,1.2,69.2,3.4,1.6,1.0,0.5,1.2,1,0,10.68
Tony BradleyOKC/PHI,C,42,16.3,7.1,3.1,4.7,66.5,0.0,0.1,0.0,0.9,1.3,69.1,5.7,0.9,0.4,0.7,0.8,3,0,20.79
Dewayne DedmonMIA,C,16,13.1,7.1,2.9,4.1,70.8,0.1,0.3,20.0,1.3,1.7,74.1,5.4,0.8,0.6,0.4,0.8,1,0,24.57
Maxi KleberDAL,PF,50,26.8,7.1,2.3,5.5,42.2,1.7,4.2,41.0,0.7,0.7,91.9,5.2,1.4,0.5,0.7,0.6,0,0,10.59
Draymond GreenGS,PF,63,31.5,7.0,2.7,6.0,44.7,0.5,2.0,27.0,1.1,1.4,79.5,7.1,8.9,1.7,0.8,3.0,17,6,13.33
Terance MannLAC,SG,67,18.9,7.0,2.7,5.2,50.9,0.6,1.4,41.8,1.2,1.4,83.0,3.6,1.6,0.4,0.2,0.6,2,0,13.89
Daniel GaffordCHI/WSH,C,54,14.6,7.0,2.9,4.2,68.4,0.0,0.0,0.0,1.3,2.0,66.7,4.3,0.5,0.5,1.4,0.8,2,0,22.26
Ignas BrazdeikisNY/ORL/PHI,SF,13,19.2,7.0,2.7,6.4,42.2,0.8,2.2,39.3,0.8,1.1,71.4,3.5,1.3,0.3,0.2,0.9,0,0,9.59
Royce O'NealeUTAH,PF,71,31.5,7.0,2.5,5.5,44.4,1.5,3.9,38.5,0.5,0.6,84.8,6.8,2.5,0.8,0.5,1.2,3,0,9.88
Dwight HowardPHI,C,69,17.3,7.0,2.6,4.4,58.7,0.1,0.3,25.0,1.8,3.0,57.6,8.4,0.9,0.4,0.9,1.6,12,0,17.81
Georges NiangUTAH,F,72,16.0,6.9,2.5,5.6,43.7,1.7,4.1,42.5,0.3,0.3,95.7,2.4,0.8,0.3,0.1,0.7,1,0,11.4
R.J. HamptonDEN/ORL,PG,51,17.4,6.9,2.7,6.1,43.5,0.5,1.7,31.0,1.1,1.6,67.1,3.5,1.7,0.4,0.2,1.0,3,0,11.18
Moritz WagnerBOS/WSH/ORL,C,45,16.0,6.9,2.3,5.1,45.4,0.7,2.0,34.1,1.6,1.9,81.6,3.2,1.1,0.6,0.4,1.0,1,0,12.49
Justise WinslowMEM,PF,26,19.5,6.8,2.8,8.1,35.2,0.4,2.1,18.5,0.8,1.3,57.1,4.5,1.9,0.6,0.5,1.4,1,0,6.29
Derrick Jones Jr.POR,SF,58,22.7,6.8,2.5,5.2,48.4,0.7,2.3,31.6,1.0,1.6,64.8,3.5,0.8,0.6,0.9,0.6,0,0,11.92
Gorgui DiengSA/MEM,C,38,14.6,6.8,2.2,4.3,52.1,0.8,1.8,42.9,1.5,1.8,86.6,3.7,1.3,0.7,0.4,0.8,0,0,19.2
Pat ConnaughtonMIL,SG,69,22.8,6.8,2.4,5.6,43.4,1.5,3.9,37.1,0.4,0.6,77.5,4.8,1.2,0.7,0.3,0.5,0,0,11.32
Jaden McDanielsMIN,PF,63,24.0,6.8,2.6,5.8,44.7,1.1,3.1,36.4,0.4,0.7,60.0,3.7,1.1,0.6,1.0,0.7,0,0,8.94
Killian HayesDET,PG,26,25.8,6.8,2.7,7.7,35.3,0.8,2.8,27.8,0.5,0.7,82.4,2.7,5.3,1.0,0.4,3.2,0,0,5.37
Jeff TeagueBOS/MIL,PG,55,17.3,6.7,2.2,5.2,43.3,0.7,1.5,43.9,1.6,1.9,84.8,1.6,2.4,0.6,0.2,1.2,0,0,12.34
Ish SmithWSH,PG,44,21.0,6.7,2.9,6.8,43.4,0.4,1.1,36.7,0.4,0.8,57.6,3.4,3.9,0.7,0.3,0.9,0,0,11.68
Damyean DotsonCLE,SG,46,19.7,6.7,2.6,6.4,40.6,1.0,3.5,28.9,0.5,0.8,66.7,2.0,2.0,0.3,0.1,0.9,0,0,8.12
Dennis Smith Jr.NY/DET,PG,23,18.3,6.7,2.5,6.3,40.0,0.8,2.5,32.8,0.8,1.1,73.1,2.4,3.3,1.0,0.6,1.1,1,1,13.66
Markieff MorrisLAL,PF,61,19.7,6.7,2.5,6.2,40.5,1.1,3.4,31.1,0.6,0.8,72.0,4.4,1.2,0.4,0.3,0.9,2,0,9.32
Spencer DinwiddieBKN,PG,3,21.3,6.7,2.0,5.3,37.5,0.7,2.3,28.6,2.0,2.0,100.0,4.3,3.0,0.7,0.3,1.7,0,0,10.14
Abdel NaderPHX,SF,24,14.8,6.7,2.4,4.8,49.1,0.8,1.8,41.9,1.2,1.5,75.7,2.6,0.8,0.4,0.4,0.8,0,0,13.43
Trey BurkeDAL,PG,62,14.7,6.6,2.4,5.7,42.8,0.9,2.6,35.4,0.8,0.9,89.5,0.9,1.3,0.6,0.1,0.5,0,0,12.6
Nicolas ClaxtonBKN,PF,32,18.6,6.6,2.8,4.5,62.1,0.0,0.2,20.0,1.0,2.0,48.4,5.2,0.9,0.7,1.3,0.6,1,0,16.92
Xavier Tillman Sr.MEM,C,59,18.4,6.6,2.8,5.1,55.9,0.4,1.1,33.8,0.6,0.9,64.2,4.3,1.3,0.7,0.6,0.8,2,0,14.79
Alex LenWSH/TOR,C,64,15.3,6.6,2.7,4.3,61.5,0.1,0.4,32.0,1.1,1.8,62.9,4.1,0.8,0.3,1.0,0.9,2,0,16.48
Frank KaminskyPHX,PF,47,15.2,6.6,2.6,5.5,47.1,0.7,1.8,36.5,0.8,1.3,61.7,4.0,1.7,0.3,0.4,0.5,2,0,15.84
Denzel ValentineCHI,SG,62,16.7,6.5,2.5,6.7,37.3,1.3,3.9,33.1,0.3,0.3,94.1,3.2,1.7,0.5,0.1,0.7,0,0,10.12
Damion LeeGS,SG,57,18.9,6.5,2.2,4.8,46.7,1.4,3.4,39.7,0.7,0.8,90.9,3.2,1.3,0.7,0.1,0.5,0,0,11.85
Nemanja BjelicaSAC/MIA,PF,37,16.1,6.5,2.4,5.3,45.4,0.7,2.3,31.8,1.0,1.4,72.5,3.4,1.9,0.4,0.1,0.9,0,0,12.9
Marquese ChrissSA/GS,SF,2,13.5,6.5,2.5,7.0,35.7,0.5,2.5,20.0,1.0,2.0,50.0,6.5,1.0,0.0,1.0,1.0,0,0,11.89
Chasson RandleORL,G,41,20.4,6.5,2.2,5.8,38.8,1.1,3.2,33.8,0.9,1.2,79.2,2.0,1.8,0.5,0.1,1.1,0,0,7.45
Avery BradleyMIA/HOU,PG,27,22.3,6.4,2.4,6.3,37.4,1.2,3.7,32.7,0.4,0.6,80.0,2.1,1.7,0.8,0.1,1.0,0,0,6.29
Alex CarusoLAL,SG,58,21.0,6.4,2.3,5.3,43.6,0.9,2.4,40.1,0.8,1.3,64.5,2.9,2.8,1.1,0.3,1.3,0,0,11.13
Timothe Luwawu-CabarrotBKN,SG,58,18.1,6.4,2.2,6.1,36.5,1.3,4.1,31.4,0.6,0.7,81.4,2.2,1.2,0.6,0.1,0.7,0,0,7.84
Kira Lewis Jr.NO,PG,54,16.7,6.4,2.4,6.2,38.6,0.7,2.2,33.3,0.8,0.9,84.3,1.3,2.3,0.7,0.2,0.6,0,0,10.3
Deni AvdijaWSH,SF,54,23.3,6.3,2.4,5.8,41.7,1.0,3.1,31.5,0.5,0.8,64.4,4.9,1.2,0.6,0.3,0.6,2,0,7.61
Tyus JonesMEM,PG,70,17.5,6.3,2.5,5.9,43.1,0.6,2.0,32.1,0.6,0.6,91.1,2.0,3.7,0.9,0.1,0.7,2,0,15.05
Chimezie MetuSAC,PF,36,13.6,6.3,2.5,5.0,50.8,0.4,1.0,35.1,0.9,1.2,72.1,3.1,0.8,0.4,0.5,0.8,0,0,14.6
Frank Mason IIIORL,G,4,19.8,6.3,2.3,6.0,37.5,0.5,1.3,40.0,1.3,1.8,71.4,3.0,3.0,0.0,0.0,1.3,0,0,7.55
Robert FranksORL,F,7,14.4,6.1,1.9,4.0,46.4,0.7,2.1,33.3,1.7,1.9,92.3,2.0,0.7,0.4,0.4,0.3,0,0,16.48
Aron BaynesTOR,C,53,18.5,6.1,2.5,5.7,44.1,0.5,1.9,26.2,0.5,0.8,70.7,5.2,0.9,0.3,0.4,0.9,2,0,10.5
Jaylen HoardOKC,SF,19,16.8,6.1,2.3,4.6,50.0,0.0,0.6,0.0,1.5,2.2,68.3,3.4,1.3,0.7,0.3,0.9,0,0,13.38
Facundo CampazzoDEN,PG,65,21.9,6.1,1.8,4.8,38.1,1.2,3.3,35.2,1.2,1.4,87.9,2.1,3.6,1.2,0.2,1.1,1,0,11.57
Max StrusMIA,SG,39,13.0,6.1,2.2,4.8,45.5,1.3,3.8,33.8,0.4,0.6,66.7,1.1,0.6,0.3,0.1,0.2,0,0,12.21
Dakota MathiasPHI,G,8,15.4,6.0,2.4,6.0,39.6,1.0,3.3,30.8,0.3,0.8,33.3,0.9,1.6,0.1,0.4,0.1,0,0,9.83
Dean WadeCLE,PF,63,19.2,6.0,2.1,4.9,43.1,1.2,3.4,36.6,0.5,0.6,76.9,3.4,1.2,0.6,0.3,0.5,1,0,11.37
Dwight PowellDAL,C,58,16.7,5.9,2.1,3.3,61.9,0.1,0.4,23.8,1.7,2.1,78.2,4.0,1.1,0.6,0.5,0.7,1,0,16.8
Drew EubanksSA,PF,54,14.0,5.8,2.1,3.8,56.6,0.0,0.0,100.0,1.4,2.0,72.6,4.5,0.8,0.3,0.9,0.8,3,0,17.92
DeAndre' BembryTOR,SG,51,19.1,5.7,2.3,4.5,51.3,0.3,1.0,26.4,0.9,1.3,68.2,2.9,2.1,1.0,0.4,1.4,0,0,11.28
Jordan NworaMIL,SF,30,9.1,5.7,2.1,4.5,45.9,0.9,2.1,45.2,0.6,0.8,76.0,2.0,0.2,0.5,0.2,0.8,2,0,16.15
Rodney McGruderDET,SG,16,12.1,5.7,2.3,4.4,52.9,0.7,1.5,45.8,0.4,0.5,75.0,1.4,1.0,0.5,0.1,0.4,0,0,16.14
Juan Toscano-AndersonGS,SF,53,20.9,5.7,2.3,3.9,57.9,0.7,1.7,40.2,0.4,0.6,71.0,4.4,2.8,0.8,0.5,1.2,0,0,12.62
Mychal MulderGS,SG,60,12.8,5.6,2.0,4.4,44.9,1.4,3.6,39.7,0.2,0.4,63.6,1.0,0.4,0.2,0.2,0.3,0,0,10.86
Donta HallTOR/ORL,F,13,13.8,5.6,1.9,2.7,71.4,0.0,0.0,0.0,1.8,2.6,67.6,4.8,0.8,0.4,0.8,0.6,1,0,22.32
Yogi FerrellLAC/CLE,PG,10,13.7,5.6,2.0,5.7,35.1,0.9,2.8,32.1,0.7,0.9,77.8,1.9,2.2,0.7,0.3,0.3,0,0,14.36
Saben LeeDET,PG,48,16.3,5.6,2.1,4.4,47.1,0.2,0.5,34.8,1.3,1.9,68.5,2.0,3.6,0.7,0.3,1.1,0,0,13.84
Freddie GillespieTOR,SF,20,19.6,5.6,2.2,4.2,52.4,0.0,0.0,0.0,1.2,1.7,69.7,4.9,0.5,0.7,1.0,0.6,0,0,13.44
Anthony LambHOU,SF,24,17.3,5.5,1.9,4.9,39.0,1.0,3.0,32.4,0.8,0.9,85.7,2.9,1.0,0.3,0.2,0.8,0,0,8.72
Jabari ParkerSAC/BOS,PF,13,12.7,5.5,2.3,4.2,54.5,0.2,0.8,18.2,0.8,1.0,76.9,3.2,0.8,0.1,0.4,0.8,0,0,14.75
Garrison MathewsWSH,F,64,16.2,5.5,1.5,3.7,40.9,1.2,3.1,38.4,1.3,1.5,88.4,1.4,0.4,0.5,0.1,0.2,0,0,9.7
Brad WanamakerGS/CHA,PG,61,17.3,5.5,1.9,4.9,38.5,0.3,1.4,18.8,1.5,1.7,89.1,1.7,2.9,0.7,0.2,1.2,0,0,9.52
Devin VassellSA,SG,62,17.0,5.5,2.0,4.9,40.6,0.8,2.4,34.7,0.7,0.8,84.3,2.8,0.9,0.7,0.3,0.4,0,0,10.64
Torrey CraigMIL/PHX,SF,50,16.1,5.5,2.2,4.5,48.0,0.8,2.1,36.8,0.3,0.4,77.3,3.9,1.0,0.6,0.5,0.5,2,0,14.23
Derrick FavorsUTAH,C,68,15.3,5.4,2.3,3.6,63.8,0.0,0.0,0.0,0.9,1.2,73.8,5.5,0.6,0.5,1.0,0.5,1,0,19.69
Tyler JohnsonBKN,SG,39,17.5,5.4,1.8,4.7,39.3,1.2,3.4,36.4,0.5,0.5,85.7,2.0,1.2,0.4,0.0,0.4,0,0,8.24
Justin PattonHOU,C,13,19.0,5.4,2.2,5.4,41.4,0.7,2.6,26.5,0.2,0.3,75.0,3.8,1.1,0.9,1.1,0.3,0,0,11.63
Rajon RondoATL/LAC,PG,45,17.1,5.4,2.1,4.8,44.2,0.8,2.0,40.4,0.4,0.4,94.1,2.4,4.4,0.8,0.1,1.8,0,0,13.2
Jarred VanderbiltMIN,PF,64,17.8,5.4,2.2,3.7,60.6,0.0,0.1,20.0,0.9,1.6,55.9,5.8,1.2,1.0,0.7,0.8,3,0,16.25
Jahlil OkaforDET,C,27,12.9,5.4,2.3,3.8,61.8,0.1,0.3,22.2,0.6,0.9,70.8,2.4,0.5,0.2,0.2,0.8,0,0,13.2
Josh OkogieMIN,SF,59,20.3,5.4,1.7,4.3,40.2,0.5,1.8,26.9,1.4,1.8,76.9,2.6,1.1,0.9,0.5,0.7,0,0,9.16
Taj GibsonNY,C,45,20.8,5.4,2.2,3.5,62.7,0.1,0.3,20.0,0.9,1.2,72.7,5.6,0.8,0.7,1.1,0.5,0,0,16.05
Tony SnellATL,SF,47,21.1,5.3,1.9,3.6,51.5,1.3,2.3,56.9,0.2,0.2,100.0,2.4,1.3,0.3,0.2,0.4,0,0,9.48
Jarrett CulverMIN,G,34,14.7,5.3,2.0,4.9,41.1,0.4,1.6,24.5,0.9,1.4,60.4,3.1,0.7,0.5,0.3,0.8,1,0,8.8
Willie Cauley-SteinDAL,C,53,17.1,5.3,2.2,3.4,63.2,0.0,0.2,9.1,0.9,1.5,62.8,4.5,0.7,0.4,0.8,0.5,1,0,14.32
Glenn Robinson IIISAC,F,23,16.0,5.3,1.8,4.3,42.4,0.7,1.9,36.4,0.9,1.0,91.3,2.0,0.9,0.2,0.1,0.5,0,0,9.08
Mason JonesPHI/HOU,SG,32,10.4,5.3,1.6,3.8,42.3,0.8,2.1,36.4,1.3,2.0,62.5,1.7,1.3,0.2,0.0,0.9,0,0,12.17
Maurice HarklessSAC/MIA,SF,37,20.9,5.2,1.9,4.5,41.8,0.6,2.3,27.4,0.9,1.2,76.7,2.4,1.2,0.8,0.5,0.6,0,0,8.14
D.J. WilsonMIL/HOU,PF,35,12.4,5.2,1.9,4.8,40.5,0.9,2.5,34.5,0.5,0.7,68.0,3.2,0.7,0.3,0.5,0.6,1,0,11.58
Alize JohnsonBKN,F,18,10.5,5.2,2.2,3.8,58.8,0.1,0.3,16.7,0.7,0.7,100.0,5.0,0.8,0.3,0.3,0.5,2,0,23.59
Dylan WindlerCLE,SG,31,16.5,5.2,1.8,4.2,43.8,0.8,2.5,33.8,0.7,0.9,77.8,3.5,1.1,0.6,0.4,1.0,1,0,10.8
Patrick PattersonLAC,PF,38,15.3,5.2,1.9,4.3,43.6,1.1,2.9,35.7,0.3,0.4,76.5,2.0,0.8,0.4,0.2,0.3,0,0,10.96
Jake LaymanMIN,SF,45,13.9,5.1,2.0,4.1,49.5,0.5,1.7,29.5,0.6,0.8,70.3,1.5,0.6,0.6,0.4,0.6,0,0,11.41
Goga BitadzeIND,C,45,12.5,5.1,1.8,4.3,42.8,0.4,1.8,25.3,1.0,1.4,73.8,3.3,0.8,0.2,1.3,0.4,0,0,16.36
Isaiah HartensteinCLE/DEN,C,46,12.2,5.1,2.0,3.7,55.0,0.0,0.1,33.3,1.0,1.5,64.8,3.9,1.2,0.4,0.8,1.0,1,0,17.98
Sekou DoumbouyaDET,SF,56,15.5,5.1,1.9,5.0,37.9,0.5,2.1,22.6,0.8,1.1,70.3,2.6,0.8,0.4,0.2,0.8,0,0,6.91
Nerlens NoelNY,C,64,24.2,5.1,2.1,3.5,61.4,0.0,0.0,0.0,0.8,1.1,71.4,6.4,0.7,1.1,2.2,1.0,2,0,14.82
Marc GasolLAL,C,52,19.1,5.0,1.7,3.7,45.4,1.0,2.3,41.0,0.7,1.0,72.0,4.1,2.1,0.5,1.1,1.0,0,0,12.24
Jordan McLaughlinMIN,PG,51,18.4,5.0,2.0,4.7,41.3,0.6,1.8,35.9,0.5,0.6,76.7,2.1,3.8,1.0,0.1,1.0,0,0,12.07
Bismack BiyomboCHA,C,66,20.4,5.0,2.2,3.7,58.7,0.0,0.0,0.0,0.7,1.6,44.8,5.3,1.2,0.3,1.1,1.1,3,0,11.76
Trey LylesSA,PF,23,15.6,5.0,1.9,3.9,47.8,0.6,1.7,35.0,0.7,1.0,65.2,3.7,0.6,0.3,0.0,0.3,1,0,11.4
Precious AchiuwaMIA,F,61,12.1,5.0,2.0,3.7,54.4,0.0,0.0,0.0,0.9,1.8,50.9,3.4,0.5,0.3,0.5,0.7,3,0,14.24
Caleb MartinCHA,SF,53,15.4,5.0,1.8,4.8,37.5,0.6,2.4,24.8,0.8,1.2,64.1,2.7,1.3,0.7,0.2,0.6,1,0,9.55
E'Twaun MoorePHX,G,27,14.4,4.9,2.0,4.5,45.5,0.4,1.3,31.4,0.4,0.5,85.7,1.7,1.5,0.6,0.2,0.9,0,0,10.41
Jerome RobinsonWSH,SG,17,17.9,4.9,1.6,5.6,29.5,0.6,2.5,26.2,0.9,1.2,80.0,2.2,1.5,0.7,0.4,1.1,0,0,4.1
Tyler CookBKN/DET,F,32,13.7,4.9,2.2,3.2,67.0,0.0,0.1,50.0,0.5,1.1,48.6,3.0,0.5,0.3,0.1,0.7,0,0,12.83
Brandon GoodwinATL,PG,47,13.2,4.9,1.8,4.7,37.7,0.7,2.2,31.1,0.6,0.9,65.1,1.5,2.0,0.4,0.0,0.8,0,0,9.22
Gabe VincentMIA,PG,50,13.1,4.8,1.8,4.7,37.8,0.9,3.0,30.9,0.4,0.5,87.0,1.1,1.3,0.4,0.0,0.7,1,0,7.67
Wesley MatthewsLAL,SG,58,19.5,4.8,1.5,4.3,35.3,1.1,3.4,33.5,0.6,0.7,85.4,1.6,0.9,0.7,0.3,0.4,0,0,7.18
Langston GallowayPHX,SG,40,11.0,4.8,1.7,3.7,44.9,0.9,2.1,42.4,0.6,0.6,95.7,1.1,0.7,0.2,0.0,0.3,0,0,12.12
Aaron NesmithBOS,SF,46,14.5,4.7,1.7,3.9,43.8,0.9,2.3,37.0,0.5,0.6,78.6,2.8,0.5,0.3,0.2,0.5,0,0,9.46
Troy Brown Jr.CHI/WSH,SF,34,15.4,4.7,1.8,4.2,43.1,0.6,2.1,31.4,0.4,0.6,71.4,3.1,0.9,0.3,0.2,0.6,0,0,8.57
Boban MarjanovicDAL,C,33,8.2,4.7,1.9,3.7,50.8,0.0,0.2,12.5,0.9,1.2,81.6,3.9,0.3,0.1,0.2,0.4,3,0,22.62
Damian JonesSAC/LAL/PHX,C,39,14.0,4.7,1.8,2.6,68.0,0.0,0.1,20.0,1.1,1.5,72.4,3.1,0.7,0.3,0.7,0.7,1,0,14.6
Grant WilliamsBOS,PF,63,18.1,4.7,1.7,3.9,43.7,0.8,2.0,37.2,0.5,0.8,58.8,2.8,1.0,0.5,0.4,0.9,0,0,7.54
Semi OjeleyeBOS,PF,56,17.0,4.6,1.6,3.9,40.3,1.0,2.8,36.7,0.4,0.6,75.0,2.6,0.7,0.3,0.0,0.4,0,0,8.28
JaKarr SampsonIND,SF,29,10.9,4.6,1.9,3.9,49.6,0.1,0.5,20.0,0.7,1.0,65.5,2.7,0.1,0.1,0.5,0.5,0,0,10.96
Nassir LittlePOR,SF,48,13.3,4.6,1.6,3.5,46.7,0.6,1.7,35.0,0.8,0.9,80.0,2.7,0.5,0.1,0.3,0.4,0,0,11.63
Onyeka OkongwuATL,PF,50,12.0,4.6,1.9,3.0,64.4,0.0,0.1,0.0,0.7,1.1,63.2,3.3,0.4,0.5,0.7,0.6,2,0,16.84
Kelan MartinIND,SG,35,9.2,4.5,1.8,3.9,44.9,0.7,1.7,40.0,0.3,0.3,90.0,2.2,0.5,0.3,0.3,0.5,0,0,13.91
Rodney HoodPOR/TOR,SG,55,17.1,4.5,1.7,4.7,36.2,0.6,2.1,30.1,0.4,0.5,85.7,1.9,1.0,0.4,0.1,0.7,0,0,5.6
Solomon HillATL,SF,71,21.3,4.5,1.5,4.2,35.9,1.0,3.0,32.1,0.5,0.6,76.1,3.0,1.1,0.7,0.2,0.6,0,0,6.71
Al-Farouq AminuCHI/ORL,PF,23,18.9,4.4,1.7,4.3,38.4,0.3,1.6,21.6,0.8,1.0,81.8,4.8,1.3,0.8,0.4,1.2,1,0,8.89
Stanley JohnsonTOR,F,61,16.5,4.4,1.5,3.8,38.2,0.7,2.2,32.8,0.7,0.9,80.0,2.5,1.5,0.9,0.3,0.9,2,0,8.84
Andre IguodalaMIA,F,63,21.3,4.4,1.5,3.9,38.3,1.0,2.9,33.0,0.4,0.6,65.8,3.5,2.3,0.9,0.6,1.1,0,0,9.23
Yuta WatanabeTOR,SF,50,14.5,4.4,1.6,3.6,43.9,0.7,1.8,40.0,0.5,0.6,82.8,3.2,0.8,0.5,0.4,0.4,0,0,12.25
Chandler HutchisonCHI/WSH,SF,25,13.8,4.3,1.6,4.1,37.9,0.3,0.9,36.4,0.8,1.0,84.0,3.1,0.7,0.5,0.2,0.8,0,0,6.83
John KoncharMEM,SG,43,13.4,4.3,1.6,3.2,50.0,0.5,1.3,37.5,0.6,0.7,83.3,3.0,1.1,0.7,0.2,0.4,0,0,14.85
Devin CannadyORL,G,8,9.3,4.3,1.4,3.5,39.3,0.8,2.0,37.5,0.8,0.9,85.7,0.6,0.1,0.6,0.1,0.3,0,0,11.25
Mike ScottPHI,PF,51,16.7,4.2,1.5,4.1,36.0,1.0,3.0,34.2,0.2,0.2,66.7,2.4,0.8,0.5,0.3,0.4,0,0,6.82
Jevon CarterPHX,PG,60,12.0,4.1,1.6,3.7,42.2,0.9,2.5,37.1,0.1,0.1,57.1,1.5,1.2,0.5,0.2,0.3,1,0,12.2
Lamar StevensCLE,F,40,12.5,4.1,1.6,3.4,45.6,0.1,0.6,16.0,0.9,1.3,72.5,2.4,0.6,0.4,0.3,0.6,1,0,10.53
Kevon LooneyGS,C,61,19.0,4.1,1.8,3.2,54.8,0.1,0.3,23.5,0.5,0.8,64.6,5.3,2.0,0.3,0.4,0.6,0,0,11.92
Paul WatsonTOR,SG,27,11.0,4.1,1.4,3.0,46.3,1.1,2.4,46.9,0.2,0.3,62.5,1.7,0.6,0.2,0.1,0.3,0,0,10.93
Nico MannionGS,PG,30,12.1,4.1,1.3,3.8,34.2,0.7,2.0,36.7,0.8,0.9,82.1,1.5,2.3,0.5,0.0,1.0,0,0,9.31
DaQuan JeffriesSAC/HOU,SG,31,15.9,4.1,1.6,3.9,41.7,0.6,2.2,29.9,0.2,0.3,87.5,2.3,0.7,0.5,0.3,0.5,0,0,7.94
Josh HallOKC,SF,21,16.0,4.1,1.4,4.7,30.3,0.2,1.8,10.8,1.0,2.1,50.0,2.8,1.3,0.2,0.0,1.2,1,0,1.06
Obi ToppinNY,PF,62,11.0,4.1,1.7,3.4,49.8,0.4,1.4,30.6,0.3,0.4,73.1,2.2,0.5,0.3,0.2,0.4,0,0,12.79
Darius MillerOKC,SF,18,10.9,4.1,1.2,2.7,45.8,0.9,2.3,40.5,0.7,0.7,100.0,1.3,1.2,0.7,0.3,0.4,0,0,15.95
Udonis HaslemMIA,PF,1,3.0,4.0,2.0,2.0,100.0,0.0,0.0,0.0,0.0,0.0,0.0,1.0,0.0,0.0,0.0,0.0,0,0,54.9
Chris ChiozzaBKN,F,22,10.5,4.0,1.4,4.0,35.2,0.6,1.9,31.0,0.6,0.8,76.5,1.1,3.0,0.3,0.3,0.7,1,0,12.92
Jordan BoneORL,G,14,14.0,4.0,1.6,3.9,42.6,0.7,2.3,31.3,0.0,0.0,0.0,1.7,1.3,0.1,0.0,0.2,0,0,8.89
Cody MartinCHA,SF,52,16.3,4.0,1.6,3.6,44.1,0.3,1.1,27.6,0.5,0.8,58.1,3.1,1.7,0.7,0.2,0.8,1,0,10.59
Carsen EdwardsBOS,PG,31,8.9,4.0,1.5,3.6,42.3,0.6,2.0,28.6,0.4,0.4,84.6,0.8,0.5,0.2,0.0,0.2,0,0,10.3
Matisse ThybullePHI,SG,65,20.0,3.9,1.6,3.7,42.0,0.7,2.2,30.1,0.1,0.3,44.4,1.9,1.0,1.6,1.1,0.5,0,0,10.13
Brodric ThomasCLE/HOU,G,32,12.5,3.9,1.2,3.4,36.1,0.5,1.8,27.1,1.0,1.4,67.4,1.7,0.9,0.5,0.3,0.7,0,0,8.0
Kevin Knox IINY,SF,42,11.0,3.9,1.3,3.4,39.2,0.8,2.1,39.3,0.4,0.5,80.0,1.5,0.5,0.3,0.1,0.4,0,0,9.15
Justin JamesSAC,G,36,8.6,3.9,1.4,3.1,46.8,0.4,1.1,36.8,0.6,1.0,58.3,0.8,0.6,0.2,0.1,0.4,0,0,11.36
Dante ExumCLE/HOU,PG,6,19.3,3.8,1.7,4.3,38.5,0.3,1.8,18.2,0.2,0.3,50.0,2.8,2.2,0.7,0.3,1.2,0,0,5.96
Ersan IlyasovaUTAH,PF,17,8.7,3.8,1.2,3.2,38.9,1.1,2.4,43.9,0.3,0.3,100.0,1.7,0.2,0.6,0.2,0.5,0,0,12.1
Tremont WatersBOS,PG,26,9.2,3.8,1.3,3.2,40.5,0.6,1.5,39.5,0.6,0.7,94.1,0.8,2.4,0.6,0.0,1.0,0,0,14.64
Skylar MaysATL,SG,33,8.2,3.8,1.3,3.0,44.9,0.4,1.2,35.0,0.7,0.8,88.0,1.1,0.9,0.4,0.1,0.3,0,0,16.8
Nathan KnightATL,F,33,8.5,3.8,1.1,3.0,37.0,0.2,1.0,18.2,1.3,1.7,80.0,2.2,0.2,0.3,0.3,0.5,1,0,13.89
Thon MakerCLE,F,8,9.5,3.8,1.3,2.3,55.6,0.0,0.3,0.0,1.3,1.4,90.9,2.3,0.5,0.3,0.5,0.4,0,0,18.67
Isaiah JoePHI,SG,41,9.3,3.7,1.2,3.2,36.1,1.0,2.6,36.8,0.4,0.6,75.0,0.9,0.5,0.3,0.1,0.3,0,0,9.53
P.J. TuckerMIL/HOU,PF,52,26.1,3.7,1.3,3.4,37.3,0.8,2.3,33.6,0.4,0.5,75.0,3.9,1.2,0.8,0.4,0.8,0,0,5.55
Luka SamanicSA,PF,33,9.3,3.7,1.4,3.2,44.8,0.4,1.3,27.9,0.5,0.9,55.2,2.1,0.5,0.2,0.2,0.6,0,0,9.83
Javonte GreenBOS/CHI,PG,41,11.6,3.6,1.3,2.5,52.0,0.2,0.7,33.3,0.7,1.0,75.0,1.7,0.4,0.7,0.1,0.5,0,0,12.17
Wenyen GabrielNO,PF,21,11.5,3.4,1.1,2.9,40.0,0.6,1.5,40.6,0.5,0.8,64.7,2.6,0.5,0.4,0.4,0.7,0,0,9.78
Luke KornetBOS/CHI,C,31,11.2,3.4,1.4,3.3,43.6,0.5,1.9,25.4,0.1,0.2,50.0,2.2,0.8,0.1,1.0,0.2,0,0,13.29
Paul ReedPHI,SF,26,6.8,3.4,1.6,3.0,53.8,0.0,0.2,0.0,0.2,0.3,50.0,2.3,0.5,0.4,0.5,0.5,1,0,21.29
Meyers LeonardMIA/OKC,C,3,9.7,3.3,1.0,2.3,42.9,1.0,2.3,42.9,0.3,0.7,50.0,2.3,0.7,0.0,0.0,0.7,0,0,6.65
Quinn CookLAL/CLE,PG,23,6.8,3.3,1.3,3.0,42.6,0.5,1.1,42.3,0.3,0.3,87.5,0.7,0.8,0.2,0.0,0.3,0,0,12.78
Zeke NnajiDEN,PF,42,9.5,3.2,1.2,2.5,48.1,0.6,1.4,40.7,0.3,0.4,80.0,1.5,0.2,0.2,0.1,0.2,0,0,11.34
Amir CoffeyLAC,SG,44,9.0,3.2,1.0,2.3,43.7,0.5,1.3,41.1,0.6,0.9,71.1,1.0,0.5,0.2,0.0,0.3,0,0,10.07
Killian TillieMEM,C,18,10.1,3.2,1.1,3.2,33.3,0.6,1.8,30.3,0.5,0.6,81.8,1.3,0.4,0.3,0.4,0.1,0,0,8.58
Mamadi DiakiteMIL,F,14,10.1,3.1,1.1,2.9,40.0,0.1,0.6,12.5,0.8,1.0,78.6,2.4,0.6,0.5,0.4,0.2,0,0,12.32
Alfonzo McKinnieLAL,SF,39,6.6,3.1,1.2,2.4,51.6,0.4,1.0,41.0,0.3,0.5,55.6,1.4,0.2,0.2,0.0,0.1,0,0,15.59
Romeo LangfordBOS,SG,18,15.7,3.1,1.2,3.3,35.6,0.3,1.0,27.8,0.5,0.7,75.0,1.9,0.7,0.3,0.3,0.6,0,0,5.1
Ryan ArcidiaconoCHI,PG,44,10.2,3.1,1.1,2.7,41.9,0.6,1.5,37.3,0.3,0.5,65.0,1.5,1.3,0.2,0.0,0.2,0,0,9.85
Matt ThomasUTAH/TOR,SG,45,7.3,3.1,1.1,2.8,39.4,0.6,1.8,33.8,0.3,0.3,85.7,1.0,0.4,0.1,0.0,0.3,0,0,9.2
Anthony GillWSH,PF,26,8.4,3.1,1.2,2.3,50.0,0.3,0.9,29.2,0.5,0.6,81.3,2.0,0.4,0.4,0.2,0.3,0,0,13.71
Jahmi'us RamseySAC,SG,13,7.2,3.1,1.2,2.9,39.5,0.4,1.5,26.3,0.4,0.4,100.0,0.8,0.5,0.3,0.1,0.2,0,0,10.54
Gary ClarkDEN/ORL/PHI,SF,39,16.8,3.1,1.0,3.4,30.3,0.8,2.8,28.7,0.2,0.3,80.0,2.9,0.8,0.3,0.2,0.4,0,0,6.01
Cameron ReynoldsSA/HOU,SF,5,8.0,3.0,1.2,3.6,33.3,0.6,2.4,25.0,0.0,0.0,0.0,1.0,0.4,0.0,0.0,0.0,0,0,6.54
Reggie PerryBKN,PF,26,8.1,3.0,1.2,3.0,41.0,0.2,0.8,19.0,0.4,0.5,76.9,2.8,0.5,0.2,0.2,0.6,1,0,11.01
Nicolo MelliNO/DAL,PF,45,12.6,3.0,1.0,3.1,32.6,0.5,1.9,27.1,0.4,0.6,76.0,2.7,1.0,0.3,0.1,0.3,0,0,7.88
Sam MerrillMIL,SG,30,7.8,3.0,1.1,2.4,44.4,0.7,1.6,44.7,0.1,0.1,100.0,1.0,0.7,0.3,0.0,0.3,0,0,11.93
Trent ForrestUTAH,SG,30,10.1,2.9,1.1,2.4,45.1,0.2,0.9,19.2,0.6,0.6,100.0,1.5,1.5,0.3,0.1,0.7,0,0,11.19
Thanasis AntetokounmpoMIL,SF,57,9.7,2.9,1.2,2.4,48.9,0.1,0.5,24.1,0.4,0.9,51.0,2.2,0.8,0.4,0.2,0.8,1,0,10.3
Harry Giles IIIPOR,PF,38,9.2,2.8,1.1,2.6,43.3,0.2,0.6,34.8,0.4,0.7,59.3,3.5,0.8,0.2,0.3,0.5,0,0,12.47
Markus HowardDEN,PG,37,5.5,2.8,1.1,2.9,37.7,0.5,1.8,27.7,0.2,0.2,77.8,0.6,0.5,0.1,0.0,0.5,0,0,6.47
Bruno CabocloHOU,F,6,6.0,2.8,1.3,2.8,47.1,0.0,0.8,0.0,0.2,0.3,50.0,2.3,0.2,0.0,0.3,0.7,0,0,9.07
Kyle GuySAC,SG,31,7.6,2.8,0.9,2.8,33.0,0.4,1.5,28.3,0.5,0.6,80.0,1.1,1.0,0.2,0.0,0.4,0,0,8.59
Matthew DellavedovaCLE,PG,13,17.2,2.8,1.1,4.3,25.0,0.3,1.9,16.0,0.3,0.3,100.0,1.8,4.5,0.3,0.1,0.5,0,0,7.27
Frank NtilikinaNY,PG,33,9.8,2.7,0.9,2.4,36.7,0.7,1.5,47.9,0.2,0.5,44.4,0.9,0.6,0.5,0.1,0.3,0,0,7.75
Didi LouzadaNO,SF,3,18.7,2.7,1.0,4.3,23.1,0.7,2.7,25.0,0.0,0.0,0.0,1.0,1.0,0.7,0.0,1.0,0,0,-0.86
Keita Bates-DiopSA,SF,30,8.2,2.6,1.0,2.2,44.8,0.2,0.6,29.4,0.5,0.7,66.7,1.6,0.4,0.4,0.2,0.2,0,0,12.02
Anderson VarejaoCLE,C,5,7.2,2.6,0.8,3.2,25.0,0.0,0.2,0.0,1.0,1.8,55.6,4.0,0.6,0.0,0.4,0.2,0,0,12.93
Amida BrimahIND,C,5,5.8,2.6,1.0,1.6,62.5,0.0,0.0,0.0,0.6,0.6,100.0,1.6,0.2,0.0,1.0,0.8,0,0,16.61
Josh GreenDAL,SG,39,11.4,2.6,1.1,2.4,45.2,0.1,0.6,16.0,0.3,0.6,56.5,2.0,0.7,0.4,0.1,0.4,0,0,8.8
Grant RillerCHA,G,7,3.9,2.6,1.1,1.7,66.7,0.3,0.6,50.0,0.0,0.0,0.0,0.1,0.4,0.1,0.0,0.1,0,0,23.68
Tre JonesSA,PG,37,7.3,2.5,1.0,2.1,47.4,0.1,0.1,60.0,0.5,0.5,89.5,0.6,1.1,0.2,0.0,0.4,0,0,12.12
Jordan BellWSH/GS,F,6,13.7,2.5,1.2,3.7,31.8,0.0,0.3,0.0,0.2,0.3,50.0,4.0,1.2,0.5,0.8,0.7,0,0,8.03
Gary Payton IIGS,PG,10,4.0,2.5,1.0,1.3,76.9,0.2,0.4,50.0,0.3,0.4,75.0,1.1,0.1,0.6,0.1,0.1,0,0,29.3
KZ OkpalaMIA,SF,37,12.1,2.5,1.0,2.6,37.5,0.3,1.4,24.0,0.2,0.4,53.3,1.8,0.5,0.3,0.3,0.4,0,0,5.23
Tacko FallBOS,C,19,7.2,2.5,1.1,1.5,72.4,0.0,0.0,0.0,0.3,0.8,33.3,2.7,0.2,0.1,1.1,0.3,0,0,19.67
Rondae Hollis-JeffersonPOR,SF,11,9.7,2.5,0.8,1.6,50.0,0.0,0.1,0.0,0.8,1.5,56.3,2.4,1.2,0.2,0.4,0.2,0,0,14.4
Jeremiah MartinCLE,PG,9,8.3,2.4,1.0,3.7,27.3,0.3,1.3,25.0,0.1,0.6,20.0,0.8,0.4,0.6,0.2,0.7,0,0,1.45
Mfiondu KabengeleLAC/SAC/CLE,C,39,7.2,2.4,0.8,2.3,37.1,0.3,1.3,26.0,0.4,0.5,80.0,1.5,0.4,0.2,0.3,0.4,0,0,9.59
Rayjon TuckerPHI,SG,14,4.9,2.4,0.6,1.3,50.0,0.1,0.5,28.6,1.0,1.4,73.7,0.8,0.4,0.1,0.0,0.3,0,0,15.13
Vernon Carey Jr.CHA,C,19,6.1,2.4,0.9,1.9,50.0,0.1,0.4,14.3,0.5,0.6,81.8,1.4,0.1,0.1,0.3,0.3,0,0,11.71
Wes IwunduNO/DAL,SF,41,13.1,2.4,0.8,2.5,33.3,0.1,1.0,12.2,0.6,0.8,83.9,2.2,0.4,0.4,0.1,0.5,0,0,4.37
Justin RobinsonOKC,G,9,9.8,2.3,0.8,2.3,33.3,0.4,1.6,28.6,0.3,0.6,60.0,0.8,1.0,0.3,0.0,0.2,0,0,6.05
Quinndary WeatherspoonSA,SG,20,6.1,2.3,0.8,1.8,45.7,0.1,0.3,16.7,0.7,0.8,81.3,0.6,0.4,0.4,0.1,0.5,0,0,9.67
Jarrell BrantleyUTAH,PF,28,4.9,2.3,0.9,1.9,48.1,0.4,1.0,42.9,0.1,0.1,100.0,1.0,0.5,0.3,0.1,0.3,0,0,16.69
CJ EllebyPOR,SG,30,6.4,2.3,0.8,2.2,37.9,0.2,1.1,20.6,0.4,0.5,73.3,1.1,0.3,0.2,0.1,0.2,0,0,9.39
Sean McDermottMEM,SG,18,8.8,2.2,0.7,1.8,39.4,0.3,1.2,22.7,0.4,0.4,100.0,1.1,0.2,0.1,0.2,0.2,0,0,7.24
Bol BolDEN,C,32,5.0,2.2,0.8,1.8,43.1,0.3,0.8,37.5,0.3,0.5,66.7,0.8,0.2,0.1,0.3,0.4,0,0,9.46
Shaquille HarrisonUTAH/DEN,SG,34,9.8,2.1,0.8,2.3,33.3,0.1,0.5,18.8,0.5,0.6,81.8,1.4,0.7,0.5,0.1,0.3,0,0,6.85
Chris SilvaSAC/MIA,PF,15,6.1,2.1,0.7,1.1,62.5,0.1,0.1,100.0,0.7,1.0,73.3,1.8,0.4,0.1,0.4,0.7,0,0,11.5
Devon DotsonCHI,PG,11,4.5,2.1,1.0,1.9,52.4,0.1,0.6,14.3,0.0,0.0,0.0,0.5,0.6,0.4,0.0,0.0,0,0,19.42
Ed DavisMIN,C,23,13.0,2.1,0.8,1.9,43.2,0.0,0.0,0.0,0.4,0.5,83.3,5.0,0.9,0.6,0.6,0.3,0,0,13.14
Vlatko CancarDEN,SF,41,6.9,2.1,0.8,1.8,45.8,0.2,0.8,27.3,0.2,0.3,76.9,1.2,0.3,0.3,0.0,0.3,0,0,9.78
Deividas SirvydisDET,SG,20,6.7,2.1,0.7,2.0,35.0,0.5,1.4,35.7,0.2,0.3,50.0,1.5,0.3,0.1,0.0,0.3,0,0,5.71
Ray SpaldingHOU,F,2,9.5,2.0,1.0,2.0,50.0,0.0,0.5,0.0,0.0,1.0,0.0,2.0,0.0,0.0,1.0,1.5,0,0,0.84
Jontay PorterMEM,PF,11,4.9,2.0,0.7,1.4,53.3,0.3,0.7,37.5,0.3,0.5,60.0,1.3,0.1,0.3,0.1,0.6,0,0,9.25
Jalen SmithPHX,PF,27,5.8,2.0,0.8,1.9,44.0,0.1,0.6,23.5,0.2,0.3,71.4,1.4,0.1,0.0,0.2,0.3,1,0,8.51
Sindarius ThornwellNO/ORL,SG,21,10.3,2.0,0.7,2.2,32.6,0.3,1.1,30.4,0.2,0.4,50.0,0.9,1.0,0.6,0.1,0.3,0,0,6.59
Nate HintonDAL,SG,21,4.4,2.0,0.7,2.0,35.7,0.2,0.9,21.1,0.3,0.5,70.0,0.4,0.4,0.3,0.1,0.2,0,0,10.41
Devontae CacokLAL,PF,20,4.9,2.0,0.9,1.5,58.6,0.0,0.0,0.0,0.3,0.6,45.5,1.6,0.1,0.3,0.2,0.3,0,0,17.24
Isaac BongaWSH,G,40,10.8,2.0,0.8,2.0,37.0,0.3,1.2,27.7,0.1,0.2,62.5,1.7,0.6,0.3,0.2,0.6,0,0,4.03
Miye OniUTAH,SG,54,9.6,1.9,0.6,1.8,35.4,0.6,1.6,34.1,0.1,0.1,83.3,1.6,0.5,0.2,0.1,0.3,0,0,6.46
Alen SmailagicGS,PF,15,5.6,1.9,0.7,1.8,40.7,0.3,0.7,40.0,0.1,0.4,33.3,1.1,0.3,0.2,0.3,0.3,0,0,8.98
Cassius WinstonWSH,PG,22,4.5,1.9,0.6,1.5,42.4,0.4,0.8,47.1,0.2,0.3,83.3,0.4,0.5,0.1,0.0,0.2,0,0,10.86
Daniel OturuLAC,C,30,5.4,1.8,0.7,1.7,42.3,0.0,0.2,20.0,0.3,0.4,75.0,1.6,0.3,0.1,0.2,0.3,1,0,12.5
Axel ToupaneMIL,SG,8,7.6,1.8,0.5,1.4,36.4,0.1,0.3,50.0,0.6,0.9,71.4,0.8,0.5,0.3,0.4,0.0,0,0,9.05
Elijah HughesUTAH,SF,18,3.6,1.7,0.6,1.7,33.3,0.4,1.3,34.8,0.2,0.2,75.0,0.5,0.3,0.1,0.1,0.3,0,0,8.5
T.J. LeafPOR,PF,7,5.0,1.7,0.7,1.4,50.0,0.0,0.0,0.0,0.3,0.3,100.0,0.7,0.1,0.3,0.1,0.3,0,0,11.27
